电影名,导演,评分,评价人数,评价
肖申克的救赎,"
                            导演: 弗兰克·德拉邦特 Frank Darabont   主演: 蒂姆·罗宾斯 Tim Robbins /...",9.7,2684590人评价,希望让人自由。
霸王别姬,"
                            1994 / 美国 / 犯罪 剧情
                        ",9.6,1991370人评价,风华绝代。
阿甘正传,"
                            导演: 陈凯歌 Kaige Chen   主演: 张国荣 Leslie Cheung / 张丰毅 Fengyi Zha...",9.5,2015987人评价,一部美国近现代史。
泰坦尼克号,"
                            1993 / 中国大陆 中国香港 / 剧情 爱情 同性
                        ",9.4,1975073人评价,失去的才是永恒的。 
这个杀手不太冷,"
                            导演: 罗伯特·泽米吉斯 Robert Zemeckis   主演: 汤姆·汉克斯 Tom Hanks / ...",9.4,2159774人评价,怪蜀黍和小萝莉不得不说的故事。
美丽人生,"
                            1994 / 美国 / 剧情 爱情
                        ",9.6,1237708人评价,最美的谎言。
千与千寻,"
                            导演: 詹姆斯·卡梅隆 James Cameron   主演: 莱昂纳多·迪卡普里奥 Leonardo...",9.4,2092190人评价,最好的宫崎骏，最好的久石让。 
辛德勒的名单,"
                            1997 / 美国 墨西哥 澳大利亚 加拿大 / 剧情 爱情 灾难
                        ",9.6,1032631人评价,拯救一个人，就是拯救整个世界。
盗梦空间,"
                            导演: 吕克·贝松 Luc Besson   主演: 让·雷诺 Jean Reno / 娜塔莉·波特曼 ...",9.4,1929022人评价,诺兰给了我们一场无法盗取的梦。
星际穿越,"
                            1994 / 法国 美国 / 剧情 动作 犯罪
                        ",9.4,1631239人评价,爱是一种力量，让我们超越时空感知它的存在。
忠犬八公的故事,"
                            导演: 罗伯托·贝尼尼 Roberto Benigni   主演: 罗伯托·贝尼尼 Roberto Beni...",9.4,1316325人评价,永远都不能忘记你所爱的人。
楚门的世界,"
                            1997 / 意大利 / 剧情 喜剧 爱情 战争
                        ",9.3,1550518人评价,如果再也不能见到你，祝你早安，午安，晚安。
海上钢琴师,"
                            导演: 宫崎骏 Hayao Miyazaki   主演: 柊瑠美 Rumi Hîragi / 入野自由 Miy...",9.3,1570996人评价,每个人都要走一条自己坚定了的路，就算是粉身碎骨。 
三傻大闹宝莱坞,"
                            2001 / 日本 / 剧情 动画 奇幻
                        ",9.2,1747357人评价,英俊版憨豆，高情商版谢耳朵。
机器人总动员,"
                            导演: 史蒂文·斯皮尔伯格 Steven Spielberg   主演: 连姆·尼森 Liam Neeson...",9.3,1235198人评价,小瓦力，大人生。
放牛班的春天,"
                            1993 / 美国 / 剧情 历史 战争
                        ",9.3,1218692人评价,天籁一般的童声，是最接近上帝的存在。 
无间道,"
                            导演: 克里斯托弗·诺兰 Christopher Nolan   主演: 莱昂纳多·迪卡普里奥 Le...",9.3,1249158人评价,香港电影史上永不过时的杰作。
疯狂动物城,"
                            2010 / 美国 英国 / 剧情 科幻 悬疑 冒险
                        ",9.2,1773011人评价,迪士尼给我们营造的乌托邦就是这样，永远善良勇敢，永远出乎意料。
大话西游之大圣娶亲,"
                            导演: 克里斯托弗·诺兰 Christopher Nolan   主演: 马修·麦康纳 Matthew Mc...",9.2,1433183人评价,一生所爱。
熔炉,"
                            2014 / 美国 英国 加拿大 / 剧情 科幻 冒险
                        ",9.3,872335人评价,我们一路奋战不是为了改变世界，而是为了不让世界改变我们。
控方证人,"
                            导演: 莱塞·霍尔斯道姆 Lasse Hallström   主演: 理查·基尔 Richard Ger...",9.6,485173人评价,比利·怀德满分作品。
教父,"
                            2009 / 美国 英国 / 剧情
                        ",9.3,893316人评价,千万不要记恨你的对手，这样会让你失去理智。
当幸福来敲门,"
                            导演: 彼得·威尔 Peter Weir   主演: 金·凯瑞 Jim Carrey / 劳拉·琳妮 Lau...",9.2,1422814人评价,平民励志片。 
触不可及,"
                            1998 / 美国 / 剧情 科幻
                        ",9.3,1008273人评价,满满温情的高雅喜剧。
怦然心动,"
                            导演: 朱塞佩·托纳多雷 Giuseppe Tornatore   主演: 蒂姆·罗斯 Tim Roth / ...",9.1,1709788人评价,真正的幸福是来自内心深处。
龙猫,"
                            导演: 宫崎骏 Hayao Miyazaki   主演: 日高法子 Noriko Hidaka / 坂本千夏 Ch...",9.2,1182221人评价,人人心中都有个龙猫，童年就永远不会消失。
末代皇帝,"
                            1988 / 日本 / 动画 奇幻 冒险
                        ",9.3,802904人评价,“不要跟我比惨，我比你更惨”再适合这部电影不过了。
寻梦环游记,"
                            导演: 贝纳尔多·贝托鲁奇 Bernardo Bertolucci   主演: 尊龙 John Lone / 陈...",9.1,1531847人评价,死亡不是真的逝去，遗忘才是永恒的消亡。
蝙蝠侠：黑暗骑士,"
                            1987 / 英国 意大利 中国大陆 法国 / 剧情 传记 历史
                        ",9.2,986489人评价,无尽的黑暗。
活着,"
                            导演: 李·昂克里奇 Lee Unkrich / 阿德里安·莫利纳 Adrian Molina   主演: ...",9.3,773347人评价,张艺谋最好的电影。
哈利·波特与魔法石,"
                            2017 / 美国 / 喜剧 动画 奇幻 音乐
                        ",9.2,1079985人评价,童话世界的开端。
指环王3：王者无敌,"
                            导演: 克里斯托弗·诺兰 Christopher Nolan   主演: 克里斯蒂安·贝尔 Christ...",9.3,746308人评价,史诗的终章。
乱世佳人,"
                            2008 / 美国 英国 / 剧情 动作 科幻 犯罪 惊悚
                        ",9.3,643357人评价,Tomorrow is another day.
素媛,"
                            导演: 张艺谋 Yimou Zhang   主演: 葛优 You Ge / 巩俐 Li Gong / 姜武 Wu Jiang",9.3,634856人评价,受过伤害的人总是笑得最开心，因为他们不愿意让身边的人承受一样的痛苦。
飞屋环游记,"
                            1994 / 中国大陆 中国香港 / 剧情 历史 家庭
                        ",9.1,1237109人评价,最后那些最无聊的事情，才是最值得怀念的。 
我不是药神,"
                            导演: Chris Columbus   主演: Daniel Radcliffe / Emma Watson / Rupert Grint",9.0,1959951人评价,对我们国家而言，这样的电影多一部是一部。
摔跤吧！爸爸,"
                            2001 / 美国 英国 / 奇幻 冒险
                        ",9.0,1469870人评价,你不是在为你一个人战斗，你要让千千万万的女性看到女生并不是只能相夫教子。
何以为家,"
                            导演: 彼得·杰克逊 Peter Jackson   主演: 伊利亚·伍德 Elijah Wood / 西恩...",9.1,968223人评价,凝视卑弱生命，用电影改变命运。
十二怒汉,"
                            2003 / 美国 新西兰 / 剧情 动作 奇幻 冒险
                        ",9.4,447198人评价,1957年的理想主义。 
哈尔的移动城堡,"
                            导演: 维克多·弗莱明 Victor Fleming / 乔治·库克 George Cukor   主演: 费...",9.1,941217人评价,带着心爱的人在天空飞翔。
少年派的奇幻漂流,"
                            1939 / 美国 / 剧情 历史 爱情 战争
                        ",9.1,1270010人评价,瑰丽壮观、无人能及的冒险之旅。
鬼子来了,"
                            导演: 李濬益 Jun-ik Lee   主演: 薛景求 Kyung-gu Sol / 严志媛 Ji-won Uhm ...",9.3,579603人评价,对敌人的仁慈，就是对自己残忍。
猫鼠游戏,"
                            2013 / 韩国 / 剧情
                        ",9.1,920859人评价,骗子大师和执著警探的你追我跑故事。 
大话西游之月光宝盒,"
                            导演: 彼特·道格特 Pete Docter / 鲍勃·彼德森 Bob Peterson   主演: 爱德...",9.0,1141998人评价,旷古烁今。
让子弹飞,"
                            2009 / 美国 / 剧情 喜剧 动画 冒险
                        ",9.0,1569836人评价,你给我翻译翻译，神马叫做TMD的惊喜。
天空之城,"
                            导演: 文牧野 Muye Wen   主演: 徐峥 Zheng Xu / 王传君 Chuanjun Wang / 周...",9.1,766995人评价,对天空的追逐，永不停止。 
钢琴家,"
                            2018 / 中国大陆 / 剧情 喜剧
                        ",9.3,570230人评价,音乐能化解仇恨。
指环王2：双塔奇兵,"
                            导演: 涅提·蒂瓦里 Nitesh Tiwari   主演: 阿米尔·汗 Aamir Khan / 法缇玛...",9.2,697316人评价,承前启后的史诗篇章。
闻香识女人,"
                            2016 / 印度 / 剧情 传记 运动 家庭
                        ",9.1,814426人评价,史上最美的探戈。
海蒂和爷爷,"
                            导演: 娜丁·拉巴基 Nadine Labaki   主演: 扎因·拉费阿 Zain al-Rafeea / ...",9.3,521074人评价,如果生活中有什么使你感到快乐，那就去做吧！不要管别人说什么。
天堂电影院,"
                            导演: 朱塞佩·托纳多雷 Giuseppe Tornatore   主演: 菲利普·努瓦雷 Philipp...",9.2,641559人评价,那些吻戏，那些青春，都在影院的黑暗里被泪水冲刷得无比清晰。
罗马假日,"
                            1988 / 意大利 法国 / 剧情 爱情
                        ",9.1,894242人评价,爱情哪怕只有一天。
黑客帝国,"
                            导演: 威廉·惠勒 William Wyler   主演: 奥黛丽·赫本 Audrey Hepburn / 格...",9.1,783342人评价,视觉革命。
指环王1：护戒使者,"
                            1953 / 美国 / 喜剧 剧情 爱情
                        ",9.1,787221人评价,传说的开始。
大闹天宫,"
                            导演: 安迪·沃卓斯基 Andy Wachowski / 拉娜·沃卓斯基 Lana Wachowski   主...",9.4,397935人评价,经典之作，历久弥新。
死亡诗社,"
                            1999 / 美国 / 动作 科幻
                        ",9.1,659781人评价,当一个死水般的体制内出现一个活跃的变数时，所有的腐臭都站在了光明的对面。
教父2,"
                            导演: 彼得·杰克逊 Peter Jackson   主演: 伊利亚·伍德 Elijah Wood / 西恩...",9.3,507004人评价,优雅的孤独。
绿皮书,"
                            2001 / 新西兰 美国 / 剧情 动作 奇幻 冒险
                        ",8.9,1510811人评价,去除成见，需要勇气。
辩护人,"
                            导演: 万籁鸣 Laiming Wan   主演: 邱岳峰 Yuefeng Qiu / 富润生 Runsheng Fu...",9.2,553523人评价,电影的现实意义大过电影本身。
狮子王,"
                            1961(中国大陆) / 1964(中国大陆) / 1978(中国大陆) / 中国大陆 / 剧情 动画 奇幻 古装
                        ",9.1,776813人评价,动物版《哈姆雷特》。
搏击俱乐部,"
                            导演: 彼得·威尔 Peter Weir   主演: 罗宾·威廉姆斯 Robin Williams / 罗伯...",9.0,791690人评价,邪恶与平庸蛰伏于同一个母体，在特定的时间互相对峙。
饮食男女,"
                            1989 / 美国 / 剧情
                        ",9.2,570073人评价,人生不能像做菜，把所有的料都准备好了才下锅。
美丽心灵,"
                            导演: 弗朗西斯·福特·科波拉 Francis Ford Coppola   主演: 阿尔·帕西诺 A...",9.1,717112人评价,爱是一切逻辑和原由。
本杰明·巴顿奇事,"
                            1974 / 美国 / 剧情 犯罪
                        ",9.0,919402人评价,在时间之河里感受溺水之苦。
窃听风暴,"
                            导演: 彼得·法雷里 Peter Farrelly   主演: 维果·莫腾森 Viggo Mortensen /...",9.2,525918人评价,别样人生。
穿条纹睡衣的男孩,"
                            2018 / 美国 中国大陆 / 剧情 喜剧 传记 音乐
                        ",9.2,513226人评价,尽管有些不切实际的幻想，这部电影依旧是一部感人肺腑的佳作。
情书,"
                            导演: 杨宇硕 Woo-seok Yang   主演: 宋康昊 Kang-ho Song / 金英爱 Yeong-ae...",8.9,1012510人评价,暗恋的极致。
两杆大烟枪,"
                            2013 / 韩国 / 剧情
                        ",9.1,558674人评价,4个臭皮匠顶个诸葛亮，盖·里奇果然不是盖的。
西西里的美丽传说,"
                            导演: Roger Allers / 罗伯·明可夫 Rob Minkoff   主演: 乔纳森·泰勒·托马...",8.9,910562人评价,美丽无罪。
看不见的客人,"
                            1994 / 美国 / 动画 冒险 歌舞
                        ",8.8,1163223人评价,你以为你以为的就是你以为的。
音乐之声,"
                            导演: 大卫·芬奇 David Fincher   主演: 爱德华·诺顿 Edward Norton / 布拉...",9.1,559256人评价,用音乐化解仇恨，让歌声串起美好。
拯救大兵瑞恩,"
                            1999 / 美国 德国 意大利 / 剧情 动作 悬疑 惊悚
                        ",9.1,603706人评价,美利坚精神输出大片No1.
飞越疯人院,"
                            导演: 李安 Ang Lee   主演: 郎雄 Sihung Lung / 杨贵媚 Kuei-Mei Yang / 吴...",9.1,517336人评价,自由万岁。
小鞋子,"
                            1994 / 中国台湾 美国 / 剧情 家庭
                        ",9.2,380192人评价,奔跑的孩子是天使。
阿凡达,"
                            导演: 朗·霍华德 Ron Howard   主演: 罗素·克劳 Russell Crowe / 艾德·哈...",8.8,1291460人评价,绝对意义上的美轮美奂。
哈利·波特与死亡圣器(下),"
                            导演: 大卫·叶茨 David Yates   主演: 丹尼尔·雷德克里夫 Daniel Radcliffe...",8.9,761101人评价,10年的完美句点。
沉默的羔羊,"
                            2011 / 美国 英国 / 奇幻 冒险
                        ",8.9,818899人评价,安东尼·霍普金斯的顶级表演。
致命魔术,"
                            导演: 乔纳森·戴米 Jonathan Demme   主演: 朱迪·福斯特 Jodie Foster / 安...",8.9,800274人评价,孪生蝙蝠侠大战克隆金刚狼。
禁闭岛,"
                            1991 / 美国 / 剧情 犯罪 惊悚
                        ",8.9,900319人评价,昔日翩翩少年，今日大腹便便。
布达佩斯大饭店,"
                            导演: 克里斯托弗·诺兰 Christopher Nolan   主演: 休·杰克曼 Hugh Jackman...",8.9,854759人评价,小清新的故事里注入了大历史的情怀。
海豚湾,"
                            2006 / 英国 美国 / 剧情 悬疑 惊悚
                        ",9.3,341216人评价,海豚的微笑，是世界上最高明的伪装。
蝴蝶效应,"
                            导演: Martin Scorsese   主演: 莱昂纳多·迪卡普里奥 Leonardo DiCaprio / ...",8.9,872306人评价,人的命运被自己瞬间的抉择改变。
美国往事,"
                            2010 / 美国 / 剧情 悬疑 惊悚
                        ",9.2,385103人评价,往事如烟，无处祭奠。
心灵捕手,"
                            导演: 韦斯·安德森 Wes Anderson   主演: 拉尔夫·费因斯 Ralph Fiennes / ...",8.9,659509人评价,人生中应该拥有这样的一段豁然开朗。
低俗小说,"
                            2014 / 美国 德国 英国 / 剧情 喜剧 冒险
                        ",8.9,774973人评价,故事的高级讲法。
春光乍泄,"
                            导演: 路易·西霍尤斯 Louie Psihoyos   主演: Richard O'Barry / 路易·西霍...",9.0,586585人评价,爱情纠缠，男女一致。
摩登时代,"
                            2009 / 美国 / 纪录片
                        ",9.3,276894人评价,大时代中的人生，小人物的悲喜。
喜剧之王,"
                            导演: 埃里克·布雷斯 Eric Bress / J·麦基·格鲁伯 J. Mackye Gruber   主...",8.8,898895人评价,我是一个演员。
七宗罪,"
                            2004 / 美国 加拿大 / 剧情 悬疑 科幻 惊悚
                        ",8.8,888815人评价,警察抓小偷，老鼠玩死猫。
功夫,"
                            导演: 赛尔乔·莱翁内 Sergio Leone   主演: 罗伯特·德尼罗 Robert De Niro ...",8.8,1015126人评价,警恶惩奸，维护世界和平这个任务就交给你了，好吗？
哈利·波特与阿兹卡班的囚徒,"
                            1984 / 美国 意大利 / 犯罪 剧情
                        ",8.9,651563人评价,不一样的导演，不一样的哈利·波特。
致命ID,"
                            导演: 格斯·范·桑特 Gus Van Sant   主演: 马特·达蒙 Matt Damon / 罗宾·...",8.8,758325人评价,最不可能的那个人永远是最可能的。
超脱,"
                            1997 / 美国 / 剧情
                        ",9.0,522674人评价,穷尽一生，我们要学会的，不过是彼此拥抱。
杀人回忆,"
                            导演: 昆汀·塔伦蒂诺 Quentin Tarantino   主演: 约翰·特拉沃尔塔 John Tra...",8.9,651335人评价,关于连环杀人悬案的集体回忆。
加勒比海盗,"
                            1994 / 美国 / 剧情 喜剧 犯罪
                        ",8.8,802908人评价,约翰尼·德普的独角戏。
红辣椒,"
                            导演: 王家卫 Kar Wai Wong   主演: 张国荣 Leslie Cheung / 梁朝伟 Tony Leu...",9.1,418482人评价,梦的勾结。
被嫌弃的松子的一生,"
                            1997 / 中国香港 日本 韩国 / 剧情 爱情 同性
                        ",8.9,664637人评价,以戏谑来戏谑戏谑。
狩猎,"
                            导演: 查理·卓别林 Charles Chaplin   主演: 查理·卓别林 Charles Chaplin ...",9.1,357611人评价,人言可畏。
请以你的名字呼唤我,"
                            1936 / 美国 / 剧情 喜剧 爱情
                        ",8.9,665412人评价,沉醉在电影的情感和视听氛围中无法自拔。
7号房的礼物,"
                            导演: 周星驰 Stephen Chow / 李力持 Lik-Chi Lee   主演: 周星驰 Stephen Ch...",8.9,514972人评价,《我是山姆》的《美丽人生》。
剪刀手爱德华,"
                            导演: 蒂姆·波顿 Tim Burton   主演: 约翰尼·德普 Johnny Depp / 薇诺娜·...",8.7,983756人评价,浪漫忧郁的成人童话。
断背山,"
                            1990 / 美国 / 剧情 奇幻 爱情
                        ",8.8,667345人评价,每个人心中都有一座断背山。
勇敢的心,"
                            导演: 李安 Ang Lee   主演: 希斯·莱杰 Heath Ledger / 杰克·吉伦哈尔 Jake...",8.9,533565人评价,史诗大片的典范。
唐伯虎点秋香,"
                            2005 / 美国 加拿大 / 剧情 爱情 同性 家庭
                        ",8.7,996073人评价,华太师是黄霑，吴镇宇四大才子之一。
哈利·波特与密室,"
                            导演: 梅尔·吉布森 Mel Gibson   主演: 梅尔·吉布森 Mel Gibson / 苏菲·玛...",8.8,677660人评价,魔法的密室之门已打开...
一一,"
                            1995 / 美国 / 动作 传记 剧情 历史 战争
                        ",9.1,350119人评价,我们都曾经是一一。
入殓师,"
                            导演: 李力持 Lik-Chi Lee   主演: 周星驰 Stephen Chow / 巩俐 Li Gong / 陈...",8.9,620224人评价,死可能是一道门，逝去并不是终结，而是超越，走向下一程。
第六感,"
                            1993 / 中国香港 / 喜剧 爱情 古装
                        ",8.9,517425人评价,深入内心的恐怖，出人意料的结局。
爱在黎明破晓前,"
                            导演: Chris Columbus   主演: 丹尼尔·雷德克里夫 Daniel Radcliffe / 艾玛...",8.8,619406人评价,缘分是个连绵词，最美不过一瞬。
重庆森林,"
                            2002 / 英国 美国 / 奇幻 冒险
                        ",8.8,750271人评价,寂寞没有期限。
蝙蝠侠：黑暗骑士崛起,"
                            导演: 杨德昌 Edward Yang   主演: 吴念真 / 李凯莉 Kelly Lee / 金燕玲 Elai...",8.8,672162人评价,诺兰就是保证。
天使爱美丽,"
                            2000 / 中国台湾 日本 / 剧情 爱情 家庭
                        ",8.7,917840人评价,法式小清新。 
幽灵公主,"
                            导演: 泷田洋二郎 Yôjirô Takita   主演: 本木雅弘 Masahiro Motoki / ...",8.9,489878人评价,人与自然的战争史诗。
菊次郎的夏天,"
                            2008 / 日本 / 剧情
                        ",8.9,551936人评价,从没见过那么流氓的温柔，从没见过那么温柔的流氓。
小森林 夏秋篇,"
                            导演: M·奈特·沙马兰 M. Night Shyamalan   主演: 布鲁斯·威利斯 Bruce Wi...",9.0,397586人评价,那些静得只能听见呼吸的日子里，你明白孤独即生活。
阳光灿烂的日子,"
                            1999 / 美国 / 剧情 悬疑 惊悚
                        ",8.9,574607人评价,一场华丽的意淫。
超能陆战队,"
                            导演: 理查德·林克莱特 Richard Linklater   主演: 伊桑·霍克 Ethan Hawke ...",8.7,941486人评价,Balalala~~~
完美的世界,"
                            1995 / 美国 奥地利 瑞士 / 剧情 爱情
                        ",9.1,288453人评价,坏人的好总是比好人的好来得更感人。
爱在日落黄昏时,"
                            导演: 王家卫 Kar Wai Wong   主演: 林青霞 Brigitte Lin / 金城武 Takeshi K...",8.9,510133人评价,九年后的重逢是世俗和责任的交叠，没了悸动和青涩，沧桑而温暖。
无人知晓,"
                            1994 / 中国香港 / 剧情 爱情
                        ",9.1,292987人评价,我的平常生活就是他人的幸福。
消失的爱人,"
                            导演: 克里斯托弗·诺兰 Christopher Nolan   主演: 克里斯蒂安·贝尔 Christ...",8.7,863674人评价,年度最佳date movie。
借东西的小人阿莉埃蒂,"
                            2012 / 美国 英国 / 剧情 动作 科幻 犯罪 惊悚
                        ",8.9,511890人评价,曾经的那段美好会沉淀为一辈子的记忆。
甜蜜蜜,"
                            导演: 让-皮埃尔·热内 Jean-Pierre Jeunet   主演: 奥黛丽·塔图 Audrey Tau...",8.9,491495人评价,相逢只要一瞬间，等待却像是一辈子。
倩女幽魂,"
                            2001 / 法国 德国 / 剧情 喜剧 爱情
                        ",8.8,683409人评价,两张绝世的脸。 
小森林 冬春篇,"
                            导演: 宫崎骏 Hayao Miyazaki   主演: 松田洋治 Yôji Matsuda / 石田百合...",9.0,354636人评价,尊敬他人，尊敬你生活的这片土地，明白孤独是人生的常态。
侧耳倾听,"
                            导演: 近藤喜文 Yoshifumi Kondo   主演: 本名阳子 Youko Honna / 小林桂树 K...",8.9,429585人评价,少女情怀总是诗。
时空恋旅人,"
                            1995 / 日本 / 剧情 爱情 动画
                        ",8.8,605350人评价,把每天当作最后一天般珍惜度过，积极拥抱生活，就是幸福。
幸福终点站,"
                            导演: 理查德·柯蒂斯 Richard Curtis   主演: 多姆纳尔·格里森 Domhnall Gl...",8.8,524657人评价,有时候幸福需要等一等。 
驯龙高手,"
                            2013 / 英国 / 喜剧 爱情 奇幻
                        ",8.8,706015人评价,和谐的生活离不开摸头与被摸头。
萤火之森,"
                            导演: 史蒂文·斯皮尔伯格 Steven Spielberg   主演: 汤姆·汉克斯 Tom Hanks...",8.9,492878人评价,触不到的恋人。
教父3,"
                            2004 / 美国 / 喜剧 剧情 爱情
                        ",9.0,342107人评价,任何信念的力量，都无法改变命运。
怪兽电力公司,"
                            导演: 迪恩·德布洛斯 Dean DeBlois / 克里斯·桑德斯 Chris Sanders   主演:...",8.8,618699人评价,不要给它起名字，起了名字就有感情了。
玛丽和马克思,"
                            2010 / 美国 / 动画 奇幻 冒险
                        ",8.9,402536人评价,你是我最好的朋友，你是我唯一的朋友 。
一个叫欧维的男人决定去死,"
                            导演: 大森贵弘 Takahiro Omori   主演: 佐仓绫音 Ayane Sakura / 内山昂辉 K...",8.9,426163人评价,惠及一生的美丽。
寄生虫,"
                            2011 / 日本 / 剧情 爱情 动画 奇幻
                        ",8.8,1277591人评价,跨度十五年的欢乐与泪水。
玩具总动员3,"
                            导演: 弗朗西斯·福特·科波拉 Francis Ford Coppola   主演: 阿尔·帕西诺 A...",8.9,475674人评价,爱是摈弃傲慢与偏见之后的曙光。
傲慢与偏见,"
                            1990 / 美国 / 剧情 犯罪
                        ",8.7,735498人评价,好的剧本是，就算你猜到了结局也猜不到全部。
未麻的部屋,"
                            导演: 彼特·道格特 Pete Docter / 大卫·斯沃曼 David Silverman   主演: 约...",9.1,296163人评价,抱着梦想而活着的人是幸福的，怀抱梦想而死去的人是不朽的。
大鱼,"
                            2001 / 美国 / 儿童 喜剧 动画 奇幻 冒险
                        ",8.8,534268人评价,Mr. I Don't Care其实也有Care的时候。
神偷奶爸,"
                            导演: 亚当·艾略特 Adam Elliot   主演: 托妮·科莱特 Toni Collette / 菲利...",8.6,889244人评价,没有一人完全善，也没有一人完全恶。
告白,"
                            2009 / 澳大利亚 美国 / 剧情 喜剧 动画
                        ",8.8,635063人评价,揭露人性的丧尸题材力作。
釜山行,"
                            导演: 汉内斯·赫尔姆 Hannes Holm   主演: 罗夫·拉斯加德 Rolf Lassgård...",8.6,1111941人评价,热血沸腾，那个低俗、性感的无耻混蛋又来了。
被解救的姜戈,"
                            2015 / 瑞典 / 剧情
                        ",8.8,565821人评价,再多各自牛逼的时光，也比不上一起傻逼的岁月。 
阳光姐妹淘,"
                            导演: 奉俊昊 Joon-ho Bong   主演: 宋康昊 Kang-ho Song / 李善均 Seon-gyun...",8.8,563569人评价,百看不厌。 
射雕英雄传之东成西就,"
                            2019 / 韩国 / 剧情
                        ",8.7,592698人评价,想你时你在闹海。
哈利·波特与火焰杯,"
                            导演: 李·昂克里奇 Lee Unkrich   主演: 汤姆·汉克斯 Tom Hanks / 蒂姆·艾...",8.7,590289人评价,爱并不需要智商 。
哪吒闹海,"
                            2010 / 美国 / 喜剧 动画 奇幻 冒险
                        ",9.1,238481人评价,恐怖分子的“秋菊打官司”。
我是山姆,"
                            导演: 乔·怀特 Joe Wright   主演: 凯拉·奈特莉 Keira Knightley / 马修·...",9.0,313260人评价,要做就做得狠一点，这样才能活下去。
头号玩家,"
                            导演: 史蒂文·斯皮尔伯格 Steven Spielberg   主演: 泰伊·谢里丹 Tye Sheri...",8.7,1276291人评价,写给影迷，动漫迷和游戏迷的一封情书。
血战钢锯岭,"
                            2018 / 美国 / 动作 科幻 冒险
                        ",8.7,737871人评价,优秀的战争片不会美化战场，不会粉饰死亡，不会矮化敌人，不会无视常识，最重要的，不会宣扬战争。
模仿游戏,"
                            导演: 梅尔·吉布森 Mel Gibson   主演: 安德鲁·加菲尔德 Andrew Garfield /...",8.8,598478人评价,他给机器起名“克里斯托弗”，因为这是他初恋的名字。
喜宴,"
                            2016 / 澳大利亚 美国 / 剧情 传记 历史 战争
                        ",9.0,327834人评价,中国家庭的喜怒哀乐忍。
七武士,"
                            导演: 莫滕·泰杜姆 Morten Tyldum   主演: 本尼迪克特·康伯巴奇 Benedict C...",9.3,181930人评价,时代悲歌。
花样年华,"
                            2014 / 英国 美国 / 剧情 传记 战争 同性
                        ",8.7,553768人评价,偷情本没有这样美。
黑客帝国3：矩阵革命,"
                            导演: 李安 Ang Lee   主演: 赵文瑄 Winston Chao / 郎雄 Sihung Lung / 归亚...",8.8,418657人评价,不得不说，《黑客帝国》系列是商业片与科幻、哲学完美结合的典范。
头脑特工队,"
                            1993 / 中国台湾 美国 / 剧情 喜剧 爱情 同性 家庭
                        ",8.8,563475人评价,愿我们都不用长大，每一座城堡都能永远存在。
电锯惊魂,"
                            导演: 黑泽明 Akira Kurosawa   主演: 三船敏郎 Toshirô Mifune / 志村乔 ...",8.8,491318人评价,真相就在眼前。
九品芝麻官,"
                            1954 / 日本 / 动作 冒险 剧情
                        ",8.7,609853人评价,怼天怼地，你走后，她与世界为敌。
三块广告牌,"
                            导演: 王家卫 Kar Wai Wong   主演: 梁朝伟 Tony Leung Chiu Wai / 张曼玉 Ma...",8.7,769888人评价,Jared Leto的腿比女人还美！
达拉斯买家俱乐部,"
                            2000 / 中国香港 / 剧情 爱情
                        ",8.8,423945人评价,穿越错位的时空，仰望陨落的星辰，你没留下你的名字，我却无法忘记那句“我爱你”。
你的名字。,"
                            导演: 拉娜·沃卓斯基 Lana Wachowski / 莉莉·沃卓斯基 Lilly Wachowski   ...",8.5,1293440人评价,当这个世界闭上双眼，他却敞开了怀抱。
卢旺达饭店,"
                            2003 / 美国 / 动作 科幻
                        ",8.9,304361人评价,老少皆宜，这就是好莱坞动画的魅力。
疯狂原始人,"
                            导演: 彼特·道格特 Pete Docter / 罗纳尔多·德尔·卡门 Ronaldo Del Carmen  &nb...",8.7,788699人评价,故事的反转与反转，分裂电影的始祖。
惊魂记,"
                            2015 / 美国 / 喜剧 动画 冒险
                        ",9.0,260183人评价,被上帝抛弃了的上帝之城。
电影名,导演,评分,评价人数,评价
肖申克的救赎,"
                            导演: 弗兰克·德拉邦特 Frank Darabont   主演: 蒂姆·罗宾斯 Tim Robbins /...",9.7,2684600人评价,希望让人自由。
霸王别姬,"
                            1994 / 美国 / 犯罪 剧情
                        ",9.6,1991373人评价,风华绝代。
阿甘正传,"
                            导演: 陈凯歌 Kaige Chen   主演: 张国荣 Leslie Cheung / 张丰毅 Fengyi Zha...",9.5,2015987人评价,一部美国近现代史。
泰坦尼克号,"
                            1993 / 中国大陆 中国香港 / 剧情 爱情 同性
                        ",9.4,1975078人评价,失去的才是永恒的。 
这个杀手不太冷,"
                            导演: 罗伯特·泽米吉斯 Robert Zemeckis   主演: 汤姆·汉克斯 Tom Hanks / ...",9.4,2159776人评价,怪蜀黍和小萝莉不得不说的故事。
美丽人生,"
                            1994 / 美国 / 剧情 爱情
                        ",9.6,1237711人评价,最美的谎言。
千与千寻,"
                            导演: 詹姆斯·卡梅隆 James Cameron   主演: 莱昂纳多·迪卡普里奥 Leonardo...",9.4,2092204人评价,最好的宫崎骏，最好的久石让。 
辛德勒的名单,"
                            1997 / 美国 墨西哥 澳大利亚 加拿大 / 剧情 爱情 灾难
                        ",9.6,1032635人评价,拯救一个人，就是拯救整个世界。
盗梦空间,"
                            导演: 吕克·贝松 Luc Besson   主演: 让·雷诺 Jean Reno / 娜塔莉·波特曼 ...",9.4,1929025人评价,诺兰给了我们一场无法盗取的梦。
星际穿越,"
                            1994 / 法国 美国 / 剧情 动作 犯罪
                        ",9.4,1631239人评价,爱是一种力量，让我们超越时空感知它的存在。
忠犬八公的故事,"
                            导演: 罗伯托·贝尼尼 Roberto Benigni   主演: 罗伯托·贝尼尼 Roberto Beni...",9.4,1316327人评价,永远都不能忘记你所爱的人。
楚门的世界,"
                            1997 / 意大利 / 剧情 喜剧 爱情 战争
                        ",9.3,1550526人评价,如果再也不能见到你，祝你早安，午安，晚安。
海上钢琴师,"
                            导演: 宫崎骏 Hayao Miyazaki   主演: 柊瑠美 Rumi Hîragi / 入野自由 Miy...",9.3,1570999人评价,每个人都要走一条自己坚定了的路，就算是粉身碎骨。 
三傻大闹宝莱坞,"
                            2001 / 日本 / 剧情 动画 奇幻
                        ",9.2,1747362人评价,英俊版憨豆，高情商版谢耳朵。
机器人总动员,"
                            导演: 史蒂文·斯皮尔伯格 Steven Spielberg   主演: 连姆·尼森 Liam Neeson...",9.3,1235198人评价,小瓦力，大人生。
放牛班的春天,"
                            1993 / 美国 / 剧情 历史 战争
                        ",9.3,1218694人评价,天籁一般的童声，是最接近上帝的存在。 
无间道,"
                            导演: 克里斯托弗·诺兰 Christopher Nolan   主演: 莱昂纳多·迪卡普里奥 Le...",9.3,1249158人评价,香港电影史上永不过时的杰作。
疯狂动物城,"
                            2010 / 美国 英国 / 剧情 科幻 悬疑 冒险
                        ",9.2,1773017人评价,迪士尼给我们营造的乌托邦就是这样，永远善良勇敢，永远出乎意料。
大话西游之大圣娶亲,"
                            导演: 克里斯托弗·诺兰 Christopher Nolan   主演: 马修·麦康纳 Matthew Mc...",9.2,1433189人评价,一生所爱。
熔炉,"
                            2014 / 美国 英国 加拿大 / 剧情 科幻 冒险
                        ",9.3,872339人评价,我们一路奋战不是为了改变世界，而是为了不让世界改变我们。
控方证人,"
                            导演: 莱塞·霍尔斯道姆 Lasse Hallström   主演: 理查·基尔 Richard Ger...",9.6,485193人评价,比利·怀德满分作品。
教父,"
                            2009 / 美国 英国 / 剧情
                        ",9.3,893319人评价,千万不要记恨你的对手，这样会让你失去理智。
当幸福来敲门,"
                            导演: 彼得·威尔 Peter Weir   主演: 金·凯瑞 Jim Carrey / 劳拉·琳妮 Lau...",9.2,1422814人评价,平民励志片。 
触不可及,"
                            1998 / 美国 / 剧情 科幻
                        ",9.3,1008273人评价,满满温情的高雅喜剧。
怦然心动,"
                            导演: 朱塞佩·托纳多雷 Giuseppe Tornatore   主演: 蒂姆·罗斯 Tim Roth / ...",9.1,1709788人评价,真正的幸福是来自内心深处。
龙猫,"
                            导演: 宫崎骏 Hayao Miyazaki   主演: 日高法子 Noriko Hidaka / 坂本千夏 Ch...",9.2,1182229人评价,人人心中都有个龙猫，童年就永远不会消失。
末代皇帝,"
                            1988 / 日本 / 动画 奇幻 冒险
                        ",9.3,802907人评价,“不要跟我比惨，我比你更惨”再适合这部电影不过了。
寻梦环游记,"
                            导演: 贝纳尔多·贝托鲁奇 Bernardo Bertolucci   主演: 尊龙 John Lone / 陈...",9.1,1531856人评价,死亡不是真的逝去，遗忘才是永恒的消亡。
蝙蝠侠：黑暗骑士,"
                            1987 / 英国 意大利 中国大陆 法国 / 剧情 传记 历史
                        ",9.2,986489人评价,无尽的黑暗。
活着,"
                            导演: 李·昂克里奇 Lee Unkrich / 阿德里安·莫利纳 Adrian Molina   主演: ...",9.3,773371人评价,张艺谋最好的电影。
哈利·波特与魔法石,"
                            2017 / 美国 / 喜剧 动画 奇幻 音乐
                        ",9.2,1079992人评价,童话世界的开端。
指环王3：王者无敌,"
                            导演: 克里斯托弗·诺兰 Christopher Nolan   主演: 克里斯蒂安·贝尔 Christ...",9.3,746309人评价,史诗的终章。
乱世佳人,"
                            2008 / 美国 英国 / 剧情 动作 科幻 犯罪 惊悚
                        ",9.3,643357人评价,Tomorrow is another day.
素媛,"
                            导演: 张艺谋 Yimou Zhang   主演: 葛优 You Ge / 巩俐 Li Gong / 姜武 Wu Jiang",9.3,634856人评价,受过伤害的人总是笑得最开心，因为他们不愿意让身边的人承受一样的痛苦。
飞屋环游记,"
                            1994 / 中国大陆 中国香港 / 剧情 历史 家庭
                        ",9.1,1237115人评价,最后那些最无聊的事情，才是最值得怀念的。 
我不是药神,"
                            导演: Chris Columbus   主演: Daniel Radcliffe / Emma Watson / Rupert Grint",9.0,1959955人评价,对我们国家而言，这样的电影多一部是一部。
摔跤吧！爸爸,"
                            2001 / 美国 英国 / 奇幻 冒险
                        ",9.0,1469870人评价,你不是在为你一个人战斗，你要让千千万万的女性看到女生并不是只能相夫教子。
何以为家,"
                            导演: 彼得·杰克逊 Peter Jackson   主演: 伊利亚·伍德 Elijah Wood / 西恩...",9.1,968226人评价,凝视卑弱生命，用电影改变命运。
十二怒汉,"
                            2003 / 美国 新西兰 / 剧情 动作 奇幻 冒险
                        ",9.4,447198人评价,1957年的理想主义。 
哈尔的移动城堡,"
                            导演: 维克多·弗莱明 Victor Fleming / 乔治·库克 George Cukor   主演: 费...",9.1,941217人评价,带着心爱的人在天空飞翔。
少年派的奇幻漂流,"
                            1939 / 美国 / 剧情 历史 爱情 战争
                        ",9.1,1270010人评价,瑰丽壮观、无人能及的冒险之旅。
鬼子来了,"
                            导演: 李濬益 Jun-ik Lee   主演: 薛景求 Kyung-gu Sol / 严志媛 Ji-won Uhm ...",9.3,579603人评价,对敌人的仁慈，就是对自己残忍。
猫鼠游戏,"
                            2013 / 韩国 / 剧情
                        ",9.1,920860人评价,骗子大师和执著警探的你追我跑故事。 
大话西游之月光宝盒,"
                            导演: 彼特·道格特 Pete Docter / 鲍勃·彼德森 Bob Peterson   主演: 爱德...",9.0,1142002人评价,旷古烁今。
让子弹飞,"
                            2009 / 美国 / 剧情 喜剧 动画 冒险
                        ",9.0,1569837人评价,你给我翻译翻译，神马叫做TMD的惊喜。
天空之城,"
                            导演: 文牧野 Muye Wen   主演: 徐峥 Zheng Xu / 王传君 Chuanjun Wang / 周...",9.1,766995人评价,对天空的追逐，永不停止。 
钢琴家,"
                            2018 / 中国大陆 / 剧情 喜剧
                        ",9.3,570230人评价,音乐能化解仇恨。
指环王2：双塔奇兵,"
                            导演: 涅提·蒂瓦里 Nitesh Tiwari   主演: 阿米尔·汗 Aamir Khan / 法缇玛...",9.2,697319人评价,承前启后的史诗篇章。
闻香识女人,"
                            2016 / 印度 / 剧情 传记 运动 家庭
                        ",9.1,814427人评价,史上最美的探戈。
海蒂和爷爷,"
                            导演: 娜丁·拉巴基 Nadine Labaki   主演: 扎因·拉费阿 Zain al-Rafeea / ...",9.3,521076人评价,如果生活中有什么使你感到快乐，那就去做吧！不要管别人说什么。
天堂电影院,"
                            导演: 朱塞佩·托纳多雷 Giuseppe Tornatore   主演: 菲利普·努瓦雷 Philipp...",9.2,641560人评价,那些吻戏，那些青春，都在影院的黑暗里被泪水冲刷得无比清晰。
罗马假日,"
                            1988 / 意大利 法国 / 剧情 爱情
                        ",9.1,894242人评价,爱情哪怕只有一天。
黑客帝国,"
                            导演: 威廉·惠勒 William Wyler   主演: 奥黛丽·赫本 Audrey Hepburn / 格...",9.1,783342人评价,视觉革命。
指环王1：护戒使者,"
                            1953 / 美国 / 喜剧 剧情 爱情
                        ",9.1,787222人评价,传说的开始。
大闹天宫,"
                            导演: 安迪·沃卓斯基 Andy Wachowski / 拉娜·沃卓斯基 Lana Wachowski   主...",9.4,397937人评价,经典之作，历久弥新。
死亡诗社,"
                            1999 / 美国 / 动作 科幻
                        ",9.1,659781人评价,当一个死水般的体制内出现一个活跃的变数时，所有的腐臭都站在了光明的对面。
教父2,"
                            导演: 彼得·杰克逊 Peter Jackson   主演: 伊利亚·伍德 Elijah Wood / 西恩...",9.3,507004人评价,优雅的孤独。
绿皮书,"
                            2001 / 新西兰 美国 / 剧情 动作 奇幻 冒险
                        ",8.9,1510814人评价,去除成见，需要勇气。
辩护人,"
                            导演: 万籁鸣 Laiming Wan   主演: 邱岳峰 Yuefeng Qiu / 富润生 Runsheng Fu...",9.2,553526人评价,电影的现实意义大过电影本身。
狮子王,"
                            1961(中国大陆) / 1964(中国大陆) / 1978(中国大陆) / 中国大陆 / 剧情 动画 奇幻 古装
                        ",9.1,776813人评价,动物版《哈姆雷特》。
搏击俱乐部,"
                            导演: 彼得·威尔 Peter Weir   主演: 罗宾·威廉姆斯 Robin Williams / 罗伯...",9.0,791690人评价,邪恶与平庸蛰伏于同一个母体，在特定的时间互相对峙。
饮食男女,"
                            1989 / 美国 / 剧情
                        ",9.2,570077人评价,人生不能像做菜，把所有的料都准备好了才下锅。
美丽心灵,"
                            导演: 弗朗西斯·福特·科波拉 Francis Ford Coppola   主演: 阿尔·帕西诺 A...",9.1,717114人评价,爱是一切逻辑和原由。
本杰明·巴顿奇事,"
                            1974 / 美国 / 剧情 犯罪
                        ",9.0,919404人评价,在时间之河里感受溺水之苦。
窃听风暴,"
                            导演: 彼得·法雷里 Peter Farrelly   主演: 维果·莫腾森 Viggo Mortensen /...",9.2,525928人评价,别样人生。
穿条纹睡衣的男孩,"
                            2018 / 美国 中国大陆 / 剧情 喜剧 传记 音乐
                        ",9.2,513230人评价,尽管有些不切实际的幻想，这部电影依旧是一部感人肺腑的佳作。
情书,"
                            导演: 杨宇硕 Woo-seok Yang   主演: 宋康昊 Kang-ho Song / 金英爱 Yeong-ae...",8.9,1012510人评价,暗恋的极致。
两杆大烟枪,"
                            2013 / 韩国 / 剧情
                        ",9.1,558675人评价,4个臭皮匠顶个诸葛亮，盖·里奇果然不是盖的。
西西里的美丽传说,"
                            导演: Roger Allers / 罗伯·明可夫 Rob Minkoff   主演: 乔纳森·泰勒·托马...",8.9,910562人评价,美丽无罪。
看不见的客人,"
                            1994 / 美国 / 动画 冒险 歌舞
                        ",8.8,1163223人评价,你以为你以为的就是你以为的。
音乐之声,"
                            导演: 大卫·芬奇 David Fincher   主演: 爱德华·诺顿 Edward Norton / 布拉...",9.1,559257人评价,用音乐化解仇恨，让歌声串起美好。
拯救大兵瑞恩,"
                            1999 / 美国 德国 意大利 / 剧情 动作 悬疑 惊悚
                        ",9.1,603707人评价,美利坚精神输出大片No1.
飞越疯人院,"
                            导演: 李安 Ang Lee   主演: 郎雄 Sihung Lung / 杨贵媚 Kuei-Mei Yang / 吴...",9.1,517336人评价,自由万岁。
小鞋子,"
                            1994 / 中国台湾 美国 / 剧情 家庭
                        ",9.2,380194人评价,奔跑的孩子是天使。
阿凡达,"
                            导演: 朗·霍华德 Ron Howard   主演: 罗素·克劳 Russell Crowe / 艾德·哈...",8.8,1291468人评价,绝对意义上的美轮美奂。
哈利·波特与死亡圣器(下),"
                            导演: 大卫·叶茨 David Yates   主演: 丹尼尔·雷德克里夫 Daniel Radcliffe...",8.9,761101人评价,10年的完美句点。
沉默的羔羊,"
                            2011 / 美国 英国 / 奇幻 冒险
                        ",8.9,818900人评价,安东尼·霍普金斯的顶级表演。
致命魔术,"
                            导演: 乔纳森·戴米 Jonathan Demme   主演: 朱迪·福斯特 Jodie Foster / 安...",8.9,800276人评价,孪生蝙蝠侠大战克隆金刚狼。
禁闭岛,"
                            1991 / 美国 / 剧情 犯罪 惊悚
                        ",8.9,900320人评价,昔日翩翩少年，今日大腹便便。
布达佩斯大饭店,"
                            导演: 克里斯托弗·诺兰 Christopher Nolan   主演: 休·杰克曼 Hugh Jackman...",8.9,854759人评价,小清新的故事里注入了大历史的情怀。
海豚湾,"
                            2006 / 英国 美国 / 剧情 悬疑 惊悚
                        ",9.3,341216人评价,海豚的微笑，是世界上最高明的伪装。
蝴蝶效应,"
                            导演: Martin Scorsese   主演: 莱昂纳多·迪卡普里奥 Leonardo DiCaprio / ...",8.9,872309人评价,人的命运被自己瞬间的抉择改变。
美国往事,"
                            2010 / 美国 / 剧情 悬疑 惊悚
                        ",9.2,385104人评价,往事如烟，无处祭奠。
心灵捕手,"
                            导演: 韦斯·安德森 Wes Anderson   主演: 拉尔夫·费因斯 Ralph Fiennes / ...",8.9,659512人评价,人生中应该拥有这样的一段豁然开朗。
低俗小说,"
                            2014 / 美国 德国 英国 / 剧情 喜剧 冒险
                        ",8.9,774975人评价,故事的高级讲法。
春光乍泄,"
                            导演: 路易·西霍尤斯 Louie Psihoyos   主演: Richard O'Barry / 路易·西霍...",9.0,586585人评价,爱情纠缠，男女一致。
摩登时代,"
                            2009 / 美国 / 纪录片
                        ",9.3,276894人评价,大时代中的人生，小人物的悲喜。
喜剧之王,"
                            导演: 埃里克·布雷斯 Eric Bress / J·麦基·格鲁伯 J. Mackye Gruber   主...",8.8,898895人评价,我是一个演员。
七宗罪,"
                            2004 / 美国 加拿大 / 剧情 悬疑 科幻 惊悚
                        ",8.8,888821人评价,警察抓小偷，老鼠玩死猫。
功夫,"
                            导演: 赛尔乔·莱翁内 Sergio Leone   主演: 罗伯特·德尼罗 Robert De Niro ...",8.8,1015128人评价,警恶惩奸，维护世界和平这个任务就交给你了，好吗？
哈利·波特与阿兹卡班的囚徒,"
                            1984 / 美国 意大利 / 犯罪 剧情
                        ",8.9,651568人评价,不一样的导演，不一样的哈利·波特。
致命ID,"
                            导演: 格斯·范·桑特 Gus Van Sant   主演: 马特·达蒙 Matt Damon / 罗宾·...",8.8,758326人评价,最不可能的那个人永远是最可能的。
超脱,"
                            1997 / 美国 / 剧情
                        ",9.0,522674人评价,穷尽一生，我们要学会的，不过是彼此拥抱。
杀人回忆,"
                            导演: 昆汀·塔伦蒂诺 Quentin Tarantino   主演: 约翰·特拉沃尔塔 John Tra...",8.9,651340人评价,关于连环杀人悬案的集体回忆。
加勒比海盗,"
                            1994 / 美国 / 剧情 喜剧 犯罪
                        ",8.8,802910人评价,约翰尼·德普的独角戏。
红辣椒,"
                            导演: 王家卫 Kar Wai Wong   主演: 张国荣 Leslie Cheung / 梁朝伟 Tony Leu...",9.1,418482人评价,梦的勾结。
被嫌弃的松子的一生,"
                            1997 / 中国香港 日本 韩国 / 剧情 爱情 同性
                        ",8.9,664637人评价,以戏谑来戏谑戏谑。
狩猎,"
                            导演: 查理·卓别林 Charles Chaplin   主演: 查理·卓别林 Charles Chaplin ...",9.1,357611人评价,人言可畏。
请以你的名字呼唤我,"
                            1936 / 美国 / 剧情 喜剧 爱情
                        ",8.9,665412人评价,沉醉在电影的情感和视听氛围中无法自拔。
7号房的礼物,"
                            导演: 周星驰 Stephen Chow / 李力持 Lik-Chi Lee   主演: 周星驰 Stephen Ch...",8.9,514976人评价,《我是山姆》的《美丽人生》。
剪刀手爱德华,"
                            导演: 蒂姆·波顿 Tim Burton   主演: 约翰尼·德普 Johnny Depp / 薇诺娜·...",8.7,983756人评价,浪漫忧郁的成人童话。
断背山,"
                            1990 / 美国 / 剧情 奇幻 爱情
                        ",8.8,667346人评价,每个人心中都有一座断背山。
勇敢的心,"
                            导演: 李安 Ang Lee   主演: 希斯·莱杰 Heath Ledger / 杰克·吉伦哈尔 Jake...",8.9,533565人评价,史诗大片的典范。
唐伯虎点秋香,"
                            2005 / 美国 加拿大 / 剧情 爱情 同性 家庭
                        ",8.7,996073人评价,华太师是黄霑，吴镇宇四大才子之一。
哈利·波特与密室,"
                            导演: 梅尔·吉布森 Mel Gibson   主演: 梅尔·吉布森 Mel Gibson / 苏菲·玛...",8.8,677662人评价,魔法的密室之门已打开...
一一,"
                            1995 / 美国 / 动作 传记 剧情 历史 战争
                        ",9.1,350123人评价,我们都曾经是一一。
入殓师,"
                            导演: 李力持 Lik-Chi Lee   主演: 周星驰 Stephen Chow / 巩俐 Li Gong / 陈...",8.9,620230人评价,死可能是一道门，逝去并不是终结，而是超越，走向下一程。
第六感,"
                            1993 / 中国香港 / 喜剧 爱情 古装
                        ",8.9,517425人评价,深入内心的恐怖，出人意料的结局。
爱在黎明破晓前,"
                            导演: Chris Columbus   主演: 丹尼尔·雷德克里夫 Daniel Radcliffe / 艾玛...",8.8,619407人评价,缘分是个连绵词，最美不过一瞬。
重庆森林,"
                            2002 / 英国 美国 / 奇幻 冒险
                        ",8.8,750271人评价,寂寞没有期限。
蝙蝠侠：黑暗骑士崛起,"
                            导演: 杨德昌 Edward Yang   主演: 吴念真 / 李凯莉 Kelly Lee / 金燕玲 Elai...",8.8,672163人评价,诺兰就是保证。
天使爱美丽,"
                            2000 / 中国台湾 日本 / 剧情 爱情 家庭
                        ",8.7,917840人评价,法式小清新。 
幽灵公主,"
                            导演: 泷田洋二郎 Yôjirô Takita   主演: 本木雅弘 Masahiro Motoki / ...",8.9,489878人评价,人与自然的战争史诗。
菊次郎的夏天,"
                            2008 / 日本 / 剧情
                        ",8.9,551937人评价,从没见过那么流氓的温柔，从没见过那么温柔的流氓。
小森林 夏秋篇,"
                            导演: M·奈特·沙马兰 M. Night Shyamalan   主演: 布鲁斯·威利斯 Bruce Wi...",9.0,397589人评价,那些静得只能听见呼吸的日子里，你明白孤独即生活。
阳光灿烂的日子,"
                            1999 / 美国 / 剧情 悬疑 惊悚
                        ",8.9,574607人评价,一场华丽的意淫。
超能陆战队,"
                            导演: 理查德·林克莱特 Richard Linklater   主演: 伊桑·霍克 Ethan Hawke ...",8.7,941486人评价,Balalala~~~
完美的世界,"
                            1995 / 美国 奥地利 瑞士 / 剧情 爱情
                        ",9.1,288471人评价,坏人的好总是比好人的好来得更感人。
爱在日落黄昏时,"
                            导演: 王家卫 Kar Wai Wong   主演: 林青霞 Brigitte Lin / 金城武 Takeshi K...",8.9,510133人评价,九年后的重逢是世俗和责任的交叠，没了悸动和青涩，沧桑而温暖。
无人知晓,"
                            1994 / 中国香港 / 剧情 爱情
                        ",9.1,292987人评价,我的平常生活就是他人的幸福。
消失的爱人,"
                            导演: 克里斯托弗·诺兰 Christopher Nolan   主演: 克里斯蒂安·贝尔 Christ...",8.7,863679人评价,年度最佳date movie。
借东西的小人阿莉埃蒂,"
                            2012 / 美国 英国 / 剧情 动作 科幻 犯罪 惊悚
                        ",8.9,511890人评价,曾经的那段美好会沉淀为一辈子的记忆。
甜蜜蜜,"
                            导演: 让-皮埃尔·热内 Jean-Pierre Jeunet   主演: 奥黛丽·塔图 Audrey Tau...",8.9,491497人评价,相逢只要一瞬间，等待却像是一辈子。
倩女幽魂,"
                            2001 / 法国 德国 / 剧情 喜剧 爱情
                        ",8.8,683413人评价,两张绝世的脸。 
小森林 冬春篇,"
                            导演: 宫崎骏 Hayao Miyazaki   主演: 松田洋治 Yôji Matsuda / 石田百合...",9.0,354640人评价,尊敬他人，尊敬你生活的这片土地，明白孤独是人生的常态。
侧耳倾听,"
                            导演: 近藤喜文 Yoshifumi Kondo   主演: 本名阳子 Youko Honna / 小林桂树 K...",8.9,429587人评价,少女情怀总是诗。
时空恋旅人,"
                            1995 / 日本 / 剧情 爱情 动画
                        ",8.8,605352人评价,把每天当作最后一天般珍惜度过，积极拥抱生活，就是幸福。
幸福终点站,"
                            导演: 理查德·柯蒂斯 Richard Curtis   主演: 多姆纳尔·格里森 Domhnall Gl...",8.8,524657人评价,有时候幸福需要等一等。 
驯龙高手,"
                            2013 / 英国 / 喜剧 爱情 奇幻
                        ",8.8,706016人评价,和谐的生活离不开摸头与被摸头。
萤火之森,"
                            导演: 史蒂文·斯皮尔伯格 Steven Spielberg   主演: 汤姆·汉克斯 Tom Hanks...",8.9,492878人评价,触不到的恋人。
教父3,"
                            2004 / 美国 / 喜剧 剧情 爱情
                        ",9.0,342110人评价,任何信念的力量，都无法改变命运。
怪兽电力公司,"
                            导演: 迪恩·德布洛斯 Dean DeBlois / 克里斯·桑德斯 Chris Sanders   主演:...",8.8,618701人评价,不要给它起名字，起了名字就有感情了。
玛丽和马克思,"
                            2010 / 美国 / 动画 奇幻 冒险
                        ",8.9,402537人评价,你是我最好的朋友，你是我唯一的朋友 。
一个叫欧维的男人决定去死,"
                            导演: 大森贵弘 Takahiro Omori   主演: 佐仓绫音 Ayane Sakura / 内山昂辉 K...",8.9,426165人评价,惠及一生的美丽。
寄生虫,"
                            2011 / 日本 / 剧情 爱情 动画 奇幻
                        ",8.8,1277591人评价,跨度十五年的欢乐与泪水。
玩具总动员3,"
                            导演: 弗朗西斯·福特·科波拉 Francis Ford Coppola   主演: 阿尔·帕西诺 A...",8.9,475675人评价,爱是摈弃傲慢与偏见之后的曙光。
傲慢与偏见,"
                            1990 / 美国 / 剧情 犯罪
                        ",8.7,735504人评价,好的剧本是，就算你猜到了结局也猜不到全部。
未麻的部屋,"
                            导演: 彼特·道格特 Pete Docter / 大卫·斯沃曼 David Silverman   主演: 约...",9.1,296165人评价,抱着梦想而活着的人是幸福的，怀抱梦想而死去的人是不朽的。
大鱼,"
                            2001 / 美国 / 儿童 喜剧 动画 奇幻 冒险
                        ",8.8,534268人评价,Mr. I Don't Care其实也有Care的时候。
神偷奶爸,"
                            导演: 亚当·艾略特 Adam Elliot   主演: 托妮·科莱特 Toni Collette / 菲利...",8.6,889244人评价,没有一人完全善，也没有一人完全恶。
告白,"
                            2009 / 澳大利亚 美国 / 剧情 喜剧 动画
                        ",8.8,635063人评价,揭露人性的丧尸题材力作。
釜山行,"
                            导演: 汉内斯·赫尔姆 Hannes Holm   主演: 罗夫·拉斯加德 Rolf Lassgård...",8.6,1111943人评价,热血沸腾，那个低俗、性感的无耻混蛋又来了。
被解救的姜戈,"
                            2015 / 瑞典 / 剧情
                        ",8.8,565821人评价,再多各自牛逼的时光，也比不上一起傻逼的岁月。 
阳光姐妹淘,"
                            导演: 奉俊昊 Joon-ho Bong   主演: 宋康昊 Kang-ho Song / 李善均 Seon-gyun...",8.8,563569人评价,百看不厌。 
射雕英雄传之东成西就,"
                            2019 / 韩国 / 剧情
                        ",8.7,592698人评价,想你时你在闹海。
哈利·波特与火焰杯,"
                            导演: 李·昂克里奇 Lee Unkrich   主演: 汤姆·汉克斯 Tom Hanks / 蒂姆·艾...",8.7,590290人评价,爱并不需要智商 。
哪吒闹海,"
                            2010 / 美国 / 喜剧 动画 奇幻 冒险
                        ",9.1,238482人评价,恐怖分子的“秋菊打官司”。
我是山姆,"
                            导演: 乔·怀特 Joe Wright   主演: 凯拉·奈特莉 Keira Knightley / 马修·...",9.0,313264人评价,要做就做得狠一点，这样才能活下去。
头号玩家,"
                            导演: 史蒂文·斯皮尔伯格 Steven Spielberg   主演: 泰伊·谢里丹 Tye Sheri...",8.7,1276294人评价,写给影迷，动漫迷和游戏迷的一封情书。
血战钢锯岭,"
                            2018 / 美国 / 动作 科幻 冒险
                        ",8.7,737877人评价,优秀的战争片不会美化战场，不会粉饰死亡，不会矮化敌人，不会无视常识，最重要的，不会宣扬战争。
模仿游戏,"
                            导演: 梅尔·吉布森 Mel Gibson   主演: 安德鲁·加菲尔德 Andrew Garfield /...",8.8,598480人评价,他给机器起名“克里斯托弗”，因为这是他初恋的名字。
喜宴,"
                            2016 / 澳大利亚 美国 / 剧情 传记 历史 战争
                        ",9.0,327834人评价,中国家庭的喜怒哀乐忍。
七武士,"
                            导演: 莫滕·泰杜姆 Morten Tyldum   主演: 本尼迪克特·康伯巴奇 Benedict C...",9.3,181932人评价,时代悲歌。
花样年华,"
                            2014 / 英国 美国 / 剧情 传记 战争 同性
                        ",8.7,553768人评价,偷情本没有这样美。
黑客帝国3：矩阵革命,"
                            导演: 李安 Ang Lee   主演: 赵文瑄 Winston Chao / 郎雄 Sihung Lung / 归亚...",8.8,418657人评价,不得不说，《黑客帝国》系列是商业片与科幻、哲学完美结合的典范。
头脑特工队,"
                            1993 / 中国台湾 美国 / 剧情 喜剧 爱情 同性 家庭
                        ",8.8,563478人评价,愿我们都不用长大，每一座城堡都能永远存在。
电锯惊魂,"
                            导演: 黑泽明 Akira Kurosawa   主演: 三船敏郎 Toshirô Mifune / 志村乔 ...",8.8,491318人评价,真相就在眼前。
九品芝麻官,"
                            1954 / 日本 / 动作 冒险 剧情
                        ",8.7,609853人评价,怼天怼地，你走后，她与世界为敌。
三块广告牌,"
                            导演: 王家卫 Kar Wai Wong   主演: 梁朝伟 Tony Leung Chiu Wai / 张曼玉 Ma...",8.7,769889人评价,Jared Leto的腿比女人还美！
达拉斯买家俱乐部,"
                            2000 / 中国香港 / 剧情 爱情
                        ",8.8,423945人评价,穿越错位的时空，仰望陨落的星辰，你没留下你的名字，我却无法忘记那句“我爱你”。
你的名字。,"
                            导演: 拉娜·沃卓斯基 Lana Wachowski / 莉莉·沃卓斯基 Lilly Wachowski   ...",8.5,1293443人评价,当这个世界闭上双眼，他却敞开了怀抱。
卢旺达饭店,"
                            2003 / 美国 / 动作 科幻
                        ",8.9,304361人评价,老少皆宜，这就是好莱坞动画的魅力。
疯狂原始人,"
                            导演: 彼特·道格特 Pete Docter / 罗纳尔多·德尔·卡门 Ronaldo Del Carmen  &nb...",8.7,788701人评价,故事的反转与反转，分裂电影的始祖。
惊魂记,"
                            2015 / 美国 / 喜剧 动画 冒险
                        ",9.0,260183人评价,被上帝抛弃了的上帝之城。
上帝之城,"
                            导演: 詹姆斯·温 James Wan   主演: 雷·沃纳尔 Leigh Whannell / 加利·艾...",9.0,283553人评价,像吃了苏打饼一样干脆的电影。
谍影重重3,"
                            2004 / 美国 / 悬疑 惊悚 恐怖
                        ",8.8,392172人评价,荒诞讽刺，千奇百巧，抽丝剥茧，百转千回。
心迷宫,"
                            导演: 王晶 Jing Wong   主演: 周星驰 Stephen Chow / 吴孟达 Man Tat Ng / ...",8.7,477967人评价,英雄泪短，兄弟情长。 
英雄本色,"
                            1994 / 中国香港 中国大陆 / 剧情 喜剧 古装
                        ",8.6,495590人评价,动画片的圣经。
风之谷,"
                            导演: 马丁·麦克唐纳 Martin McDonagh   主演: 弗兰西斯·麦克多蒙德 France...",8.9,335551人评价,香港浪漫主义警匪动作片的巅峰之作。
纵横四海,"
                            2017 / 美国 英国 / 剧情 犯罪
                        ",8.8,391158人评价,是枝裕和的家庭习作。
海街日记,"
                            导演: 让-马克·瓦雷 Jean-Marc Vallée   主演: 马修·麦康纳 Matthew McCon...",8.8,412337人评价,假戏真情，爱欲深海
色，戒,"
                            2013 / 美国 / 剧情 传记 同性
                        ",8.6,707436人评价,岁月流逝，来日可追。
记忆碎片,"
                            导演: 克里斯托弗·诺兰 Christopher Nolan   主演: 盖·皮尔斯 Guy Pearce /...",8.7,565292人评价,一个针管引发的血案。
忠犬八公物语,"
                            2000 / 美国 / 犯罪 剧情 悬疑 惊悚
                        ",9.2,179676人评价,养狗三日，便会对你终其一生。
爱在午夜降临前,"
                            导演: Seijirô Kôyama   主演: 山本圭 Kei Yamamoto / 井川比佐志 Hisa...",8.9,361112人评价,所谓爱情，就是话唠一路，都不会心生腻烦，彼此嫌弃。
绿里奇迹,"
                            1987 / 日本 / 剧情
                        ",8.9,298480人评价,天使暂时离开。
荒蛮故事,"
                            导演: 理查德·林克莱特 Richard Linklater   主演: 伊桑·霍克 Ethan Hawke ...",8.8,411381人评价,始于荒诞，止于更荒诞。
茶馆,"
                            2013 / 美国 希腊 / 剧情 爱情
                        ",9.5,113142人评价,这个世界从不善待努力的人，努力了也不一定会成功，但是知道自己在努力，就是活下去的动力。
爆裂鼓手,"
                            导演: Frank Darabont   主演: 汤姆·汉克斯 Tom Hanks / 大卫·摩斯 David M...",8.7,540519人评价,我们组成了家。
小偷家族,"
                            1999 / 美国 / 犯罪 剧情 奇幻 悬疑
                        ",8.7,767551人评价,上帝之城+猜火车+阿甘正传+开心辞典=山寨富翁
贫民窟的百万富翁,"
                            导演: 达米安·斯兹弗隆 Damián Szifron   主演: 达里奥·葛兰帝内提 Darío...",8.6,704320人评价,迪士尼和皮克斯拿错剧本的产物。
无敌破坏王,"
                            2014 / 阿根廷 西班牙 / 剧情 喜剧 犯罪
                        ",8.7,498820人评价,中国版《两杆大烟枪》。
疯狂的石头,"
                            导演: 谢添 Tian Xie   主演: 于是之 Shizhi Yu / 郑榕 Rong Zhen / 蓝天野 T...",8.5,759730人评价,电影诗。
东邪西毒,"
                            1982(中国大陆) / 中国大陆 / 剧情 历史
                        ",8.6,541356人评价,爱，是个动词。
真爱至上,"
                            导演: 达米恩·查泽雷 Damien Chazelle   主演: 迈尔斯·特勒 Miles Teller /...",8.6,681896人评价,松鼠才是角儿。
冰川时代,"
                            2014 / 美国 / 剧情 音乐
                        ",8.6,573855人评价,骨灰级歌舞片。
雨中曲,"
                            导演: 是枝裕和 Hirokazu Koreeda   主演: 中川雅也 Lily Franky / 安藤樱 Sa...",9.1,202433人评价,不要企图在重复中寻找已经失去的爱。
恐怖游轮,"
                            2018 / 日本 / 剧情 犯罪 家庭
                        ",8.5,784926人评价,感情不分食草或者食肉。
你看起来好像很好吃,"
                            导演: 丹尼·鲍尔 Danny Boyle / 洛芙琳·坦丹 Loveleen Tandan   主演: 戴夫...",8.9,311990人评价,黑暗之美。
黑天鹅,"
                            2008 / 英国 / 剧情 爱情
                        ",8.6,744302人评价,现代科幻电影的开山之作，最伟大导演的最伟大影片。
2001太空漫游,"
                            导演: 瑞奇·莫尔 Rich Moore   主演: 约翰·C·赖利 John C. Reilly / 萨拉...",8.9,290739人评价,宫崎骏的电影总让人感觉世界是美好的，阳光明媚的。
魔女宅急便,"
                            2012 / 美国 / 喜剧 动画 奇幻 冒险
                        ",8.7,426019人评价,生活在自己的世界里，也可以让周围的人显得可笑和渺小。
无间道2,"
                            导演: 宁浩 Hao Ning   主演: 郭涛 Tao Guo / 刘桦 Hua Liu / 连晋 Teddy Lin",8.7,428747人评价,用剩余不多的时间，去燃烧整个生命。
雨人,"
                            2006 / 中国大陆 中国香港 / 喜剧 犯罪
                        ",8.7,379424人评价,弱者送给弱者的一刀。
遗愿清单,"
                            导演: 王家卫 Kar Wai Wong   主演: 张国荣 Leslie Cheung / 林青霞 Brigitte...",8.7,411168人评价,爱情没有那么多借口，如果不能圆满，只能说明爱的不够。 
大佛普拉斯,"
                            导演: 黄信尧 Hsin-yao Huang   主演: 庄益增 Yizeng Zhuang / 陈竹昇 Chu-sh...",8.7,411513人评价,人们可以登上月球，却永远无法探索人们内心的宇宙。
可可西里,"
                            2017 / 中国台湾 / 剧情 喜剧
                        ",8.9,280979人评价,坚硬的信仰。
城市之光,"
                            导演: 陆川 Chuan Lu   主演: 多布杰 Duobujie / 张磊 Lei Zhang / 亓亮 Qi L...",9.3,132759人评价,永远的小人物，伟大的卓别林。
背靠背，脸对脸,"
                            2004 / 中国大陆 中国香港 / 剧情 犯罪
                        ",9.5,110065人评价,邓肯·琼斯继《月球》之后再度奉献出一部精彩绝伦的科幻佳作。
小丑,"
                            导演: Charles Chaplin   主演: 查理·卓别林 Charles Chaplin / 弗吉尼亚·...",8.7,936672人评价,幸福是生生不息，却难以触及的远。 
东京教父,"
                            1931 / 美国 / 喜剧 剧情 爱情
                        ",9.0,196952人评价,永远看不腻的喜剧。
源代码,"
                            导演: 黄建新 Jianxin Huang / 杨亚洲 Yazhou Yang   主演: 牛振华 Zhenhua N...",8.5,783711人评价,黑小鸭速效美白记。
萤火虫之墓,"
                            1994 / 中国大陆 中国香港 / 剧情
                        ",8.7,385531人评价,对爱的执着，可以超越一切。
虎口脱险,"
                            导演: 托德·菲利普斯 Todd Phillips   主演: 杰昆·菲尼克斯 Joaquin Phoeni...",8.9,235458人评价,我们都有权利不与自己的过去和解。
初恋这件小事,"
                            2019 / 美国 加拿大 / 剧情 犯罪 惊悚
                        ",8.5,932678人评价,人生的N种可能性。
人工智能,"
                            导演: 今敏 Satoshi Kon   主演: 江守彻 Toru Emori / 梅垣义明 Yoshiaki Ume...",8.7,413540人评价,人生如此，浮生如斯。谁人言，花彼岸，此生情长意短。谁都是不懂爱的罢了。
海边的曼彻斯特,"
                            2003 / 日本 / 剧情 喜剧 动画
                        ",8.6,473294人评价,少见的超越首部的续集，动作片中的经典。
罗生门,"
                            导演: 邓肯·琼斯 Duncan Jones   主演: 杰克·吉伦哈尔 Jake Gyllenhaal / ...",8.8,291152人评价,世界不完美，爱会有奇迹。
青蛇,"
                            2011 / 美国 加拿大 / 科幻 悬疑 惊悚
                        ",8.6,486883人评价,有一些东西不应该被遗忘。
终结者2：审判日,"
                            导演: 高畑勋 Isao Takahata   主演: 辰己努 / 白石绫乃 / 志乃原良子",8.8,318502人评价,“多么美好的一天！”轰轰轰砰咚，啪哒哒哒轰隆隆，磅~
波西米亚狂想曲,"
                            1988 / 日本 / 动画 剧情 战争
                        ",8.6,557359人评价,嬉笑怒骂，调风动月。
心灵奇旅,"
                            导演: 杰拉尔·乌里 Gérard Oury   主演: 路易·德·菲耐斯 Louis de Funès...",8.7,889007人评价,被偷走的岁月，被伤害的生命，被禁锢的灵魂，终将被希望和善意救赎。
奇迹男孩,"
                            1966 / 法国 英国 / 喜剧 战争
                        ",8.6,522216人评价,昆汀同学越来越变态了，比北野武还杜琪峰。
二十二,"
                            导演: 普特鹏·普罗萨卡·那·萨克那卡林 Puttipong Promsaka Na Sakolnakorn / 华森·波克彭...",8.7,277589人评价,一部能引人思考的科幻励志片。
疯狂的麦克斯4：狂暴之路,"
                            2010 / 泰国 / 剧情 喜剧 爱情
                        ",8.6,489871人评价,每个美丽事物背后都是滴血的现实。
彗星来的那一夜,"
                            导演: 詹姆斯·沃德·布柯特 James Ward Byrkit   主演: 艾米丽·芭尔多尼 Em...",8.5,522509人评价,小成本大魅力。
黑客帝国2：重装上阵,"
                            2013 / 美国 英国 / 科幻 悬疑 惊悚
                        ",8.7,379150人评价,一个精彩的世界观正在缓缓建立。
魂断蓝桥,"
                            导演: 拉娜·沃卓斯基 Lana Wachowski / 莉莉·沃卓斯基 Lilly Wachowski   ...",8.8,258604人评价,中国式内在的美国电影。
步履不停,"
                            2003 / 美国 / 动作 科幻
                        ",8.8,258393人评价,日本的家庭电影已经是世界巅峰了，步履不停是巅峰中的佳作。
崖上的波妞,"
                            导演: 茂文·勒鲁瓦 Mervyn LeRoy   主演: 费雯·丽 Vivien Leigh / 罗伯特·...",8.6,448582人评价,做一颗让别人需要你的棋子。
战争之王,"
                            1940 / 美国 / 剧情 爱情 战争
                        ",8.7,339453人评价,谁说王家卫镜头很晃？
爱乐之城,"
                            导演: 是枝裕和 Hirokazu Koreeda   主演: 阿部宽 Hiroshi Abe / 夏川结衣 Yu...",8.4,815305人评价,传奇，不是每个人都可以拥有。
谍影重重2,"
                            2008 / 日本 / 剧情 家庭
                        ",8.7,329063人评价,没有了退路，只好飞向自由。
燃情岁月,"
                            导演: 宫崎骏 Hayao Miyazaki   主演: 奈良柚莉爱 Yuria Nara / 土井洋辉 Hir...",8.8,269372人评价,王家卫是一种风格，张国荣是一个代表。
末路狂花,"
                            2008 / 日本 / 动画 奇幻 冒险
                        ",8.9,220612人评价,爱我就给我看你的播放列表。
火星救援,"
                            导演: 安德鲁·尼科尔 Andrew Niccol   主演: 尼古拉斯·凯奇 Nicolas Cage /...",8.5,667114人评价,哗啦啦啦啦，天在下雨，哗啦啦啦啦，云在哭泣……找自己。
阿飞正传,"
                            2005 / 法国 德国 美国 / 剧情 犯罪
                        ",8.5,472149人评价,爱情是一场没有尽头的虚幻追逐。
再次出发之纽约遇见你,"
                            导演: 达米恩·查泽雷 Damien Chazelle   主演: 瑞恩·高斯林 Ryan Gosling /...",8.6,400730人评价,大海啊，不全是水。
谍影重重,"
                            2016 / 美国 / 剧情 爱情 歌舞
                        ",8.6,396036人评价,当爱情跨越年龄的界限，它似乎能变得更久远一点，成为一种责任，一种水到渠成的相濡以沫。 
千年女优,"
                            导演: 保罗·格林格拉斯 Paul Greengrass   主演: 马特·达蒙 Matt Damon / ...",8.8,236944人评价,爱上未来的你。 
海洋,"
                            2004 / 美国 德国 / 动作 悬疑 惊悚
                        ",9.1,151061人评价,一个单凭体香达到高潮的男人。
朗读者,"
                            导演: 爱德华·兹威克 Edward Zwick   主演: 布拉德·皮特 Brad Pitt / 安东...",8.6,432387人评价,天使保护事件始末。
穿越时空的少女,"
                            1994 / 美国 / 剧情 爱情 战争 西部
                        ",8.6,359921人评价,你要相信，这世上真的有爱存在，不管在什么年纪 
香水,"
                            导演: 雷德利·斯科特 Ridley Scott   主演: 吉娜·戴维斯 Geena Davis / 苏...",8.5,514736人评价,来啊，互相伤害啊！
地球上的星星,"
                            1991 / 美国 英国 法国 / 犯罪 剧情 惊悚
                        ",8.9,192306人评价,拍掉身上的悲伤，从今天开始重新踏上追梦之旅。
我爱你,"
                            导演: 雷德利·斯科特 Ridley Scott   主演: 马特·达蒙 Matt Damon / 杰西卡...",9.1,154863人评价,最忠于原著的一部。
上帝之城,"
                            导演: 詹姆斯·温 James Wan   主演: 雷·沃纳尔 Leigh Whannell / 加利·艾...",9.0,283554人评价,像吃了苏打饼一样干脆的电影。
谍影重重3,"
                            2004 / 美国 / 悬疑 惊悚 恐怖
                        ",8.8,392173人评价,荒诞讽刺，千奇百巧，抽丝剥茧，百转千回。
心迷宫,"
                            导演: 王晶 Jing Wong   主演: 周星驰 Stephen Chow / 吴孟达 Man Tat Ng / ...",8.7,477967人评价,英雄泪短，兄弟情长。 
英雄本色,"
                            1994 / 中国香港 中国大陆 / 剧情 喜剧 古装
                        ",8.6,495594人评价,动画片的圣经。
风之谷,"
                            导演: 马丁·麦克唐纳 Martin McDonagh   主演: 弗兰西斯·麦克多蒙德 France...",8.9,335551人评价,香港浪漫主义警匪动作片的巅峰之作。
纵横四海,"
                            2017 / 美国 英国 / 剧情 犯罪
                        ",8.8,391164人评价,是枝裕和的家庭习作。
海街日记,"
                            导演: 让-马克·瓦雷 Jean-Marc Vallée   主演: 马修·麦康纳 Matthew McCon...",8.8,412339人评价,假戏真情，爱欲深海
色，戒,"
                            2013 / 美国 / 剧情 传记 同性
                        ",8.6,707446人评价,岁月流逝，来日可追。
记忆碎片,"
                            导演: 克里斯托弗·诺兰 Christopher Nolan   主演: 盖·皮尔斯 Guy Pearce /...",8.7,565292人评价,一个针管引发的血案。
忠犬八公物语,"
                            2000 / 美国 / 犯罪 剧情 悬疑 惊悚
                        ",9.2,179676人评价,养狗三日，便会对你终其一生。
爱在午夜降临前,"
                            导演: Seijirô Kôyama   主演: 山本圭 Kei Yamamoto / 井川比佐志 Hisa...",8.9,361113人评价,所谓爱情，就是话唠一路，都不会心生腻烦，彼此嫌弃。
绿里奇迹,"
                            1987 / 日本 / 剧情
                        ",8.9,298480人评价,天使暂时离开。
荒蛮故事,"
                            导演: 理查德·林克莱特 Richard Linklater   主演: 伊桑·霍克 Ethan Hawke ...",8.8,411381人评价,始于荒诞，止于更荒诞。
茶馆,"
                            2013 / 美国 希腊 / 剧情 爱情
                        ",9.5,113142人评价,这个世界从不善待努力的人，努力了也不一定会成功，但是知道自己在努力，就是活下去的动力。
爆裂鼓手,"
                            导演: Frank Darabont   主演: 汤姆·汉克斯 Tom Hanks / 大卫·摩斯 David M...",8.7,540520人评价,我们组成了家。
小偷家族,"
                            1999 / 美国 / 犯罪 剧情 奇幻 悬疑
                        ",8.7,767551人评价,上帝之城+猜火车+阿甘正传+开心辞典=山寨富翁
贫民窟的百万富翁,"
                            导演: 达米安·斯兹弗隆 Damián Szifron   主演: 达里奥·葛兰帝内提 Darío...",8.6,704322人评价,迪士尼和皮克斯拿错剧本的产物。
无敌破坏王,"
                            2014 / 阿根廷 西班牙 / 剧情 喜剧 犯罪
                        ",8.7,498820人评价,中国版《两杆大烟枪》。
疯狂的石头,"
                            导演: 谢添 Tian Xie   主演: 于是之 Shizhi Yu / 郑榕 Rong Zhen / 蓝天野 T...",8.5,759730人评价,电影诗。
东邪西毒,"
                            1982(中国大陆) / 中国大陆 / 剧情 历史
                        ",8.6,541356人评价,爱，是个动词。
真爱至上,"
                            导演: 达米恩·查泽雷 Damien Chazelle   主演: 迈尔斯·特勒 Miles Teller /...",8.6,681900人评价,松鼠才是角儿。
冰川时代,"
                            2014 / 美国 / 剧情 音乐
                        ",8.6,573855人评价,骨灰级歌舞片。
雨中曲,"
                            导演: 是枝裕和 Hirokazu Koreeda   主演: 中川雅也 Lily Franky / 安藤樱 Sa...",9.1,202433人评价,不要企图在重复中寻找已经失去的爱。
恐怖游轮,"
                            2018 / 日本 / 剧情 犯罪 家庭
                        ",8.5,784929人评价,感情不分食草或者食肉。
你看起来好像很好吃,"
                            导演: 丹尼·鲍尔 Danny Boyle / 洛芙琳·坦丹 Loveleen Tandan   主演: 戴夫...",8.9,311990人评价,黑暗之美。
黑天鹅,"
                            2008 / 英国 / 剧情 爱情
                        ",8.6,744302人评价,现代科幻电影的开山之作，最伟大导演的最伟大影片。
2001太空漫游,"
                            导演: 瑞奇·莫尔 Rich Moore   主演: 约翰·C·赖利 John C. Reilly / 萨拉...",8.9,290742人评价,宫崎骏的电影总让人感觉世界是美好的，阳光明媚的。
魔女宅急便,"
                            2012 / 美国 / 喜剧 动画 奇幻 冒险
                        ",8.7,426023人评价,生活在自己的世界里，也可以让周围的人显得可笑和渺小。
无间道2,"
                            导演: 宁浩 Hao Ning   主演: 郭涛 Tao Guo / 刘桦 Hua Liu / 连晋 Teddy Lin",8.7,428747人评价,用剩余不多的时间，去燃烧整个生命。
雨人,"
                            2006 / 中国大陆 中国香港 / 喜剧 犯罪
                        ",8.7,379426人评价,弱者送给弱者的一刀。
遗愿清单,"
                            导演: 王家卫 Kar Wai Wong   主演: 张国荣 Leslie Cheung / 林青霞 Brigitte...",8.7,411168人评价,爱情没有那么多借口，如果不能圆满，只能说明爱的不够。 
大佛普拉斯,"
                            导演: 黄信尧 Hsin-yao Huang   主演: 庄益增 Yizeng Zhuang / 陈竹昇 Chu-sh...",8.7,411515人评价,人们可以登上月球，却永远无法探索人们内心的宇宙。
可可西里,"
                            2017 / 中国台湾 / 剧情 喜剧
                        ",8.9,280986人评价,坚硬的信仰。
城市之光,"
                            导演: 陆川 Chuan Lu   主演: 多布杰 Duobujie / 张磊 Lei Zhang / 亓亮 Qi L...",9.3,132760人评价,永远的小人物，伟大的卓别林。
背靠背，脸对脸,"
                            2004 / 中国大陆 中国香港 / 剧情 犯罪
                        ",9.5,110065人评价,邓肯·琼斯继《月球》之后再度奉献出一部精彩绝伦的科幻佳作。
小丑,"
                            导演: Charles Chaplin   主演: 查理·卓别林 Charles Chaplin / 弗吉尼亚·...",8.7,936672人评价,幸福是生生不息，却难以触及的远。 
东京教父,"
                            1931 / 美国 / 喜剧 剧情 爱情
                        ",9.0,196952人评价,永远看不腻的喜剧。
源代码,"
                            导演: 黄建新 Jianxin Huang / 杨亚洲 Yazhou Yang   主演: 牛振华 Zhenhua N...",8.5,783714人评价,黑小鸭速效美白记。
萤火虫之墓,"
                            1994 / 中国大陆 中国香港 / 剧情
                        ",8.7,385531人评价,对爱的执着，可以超越一切。
虎口脱险,"
                            导演: 托德·菲利普斯 Todd Phillips   主演: 杰昆·菲尼克斯 Joaquin Phoeni...",8.9,235458人评价,我们都有权利不与自己的过去和解。
初恋这件小事,"
                            2019 / 美国 加拿大 / 剧情 犯罪 惊悚
                        ",8.5,932686人评价,人生的N种可能性。
人工智能,"
                            导演: 今敏 Satoshi Kon   主演: 江守彻 Toru Emori / 梅垣义明 Yoshiaki Ume...",8.7,413542人评价,人生如此，浮生如斯。谁人言，花彼岸，此生情长意短。谁都是不懂爱的罢了。
海边的曼彻斯特,"
                            2003 / 日本 / 剧情 喜剧 动画
                        ",8.6,473299人评价,少见的超越首部的续集，动作片中的经典。
罗生门,"
                            导演: 邓肯·琼斯 Duncan Jones   主演: 杰克·吉伦哈尔 Jake Gyllenhaal / ...",8.8,291152人评价,世界不完美，爱会有奇迹。
青蛇,"
                            2011 / 美国 加拿大 / 科幻 悬疑 惊悚
                        ",8.6,486887人评价,有一些东西不应该被遗忘。
终结者2：审判日,"
                            导演: 高畑勋 Isao Takahata   主演: 辰己努 / 白石绫乃 / 志乃原良子",8.8,318503人评价,“多么美好的一天！”轰轰轰砰咚，啪哒哒哒轰隆隆，磅~
波西米亚狂想曲,"
                            1988 / 日本 / 动画 剧情 战争
                        ",8.6,557361人评价,嬉笑怒骂，调风动月。
心灵奇旅,"
                            导演: 杰拉尔·乌里 Gérard Oury   主演: 路易·德·菲耐斯 Louis de Funès...",8.7,889007人评价,被偷走的岁月，被伤害的生命，被禁锢的灵魂，终将被希望和善意救赎。
奇迹男孩,"
                            1966 / 法国 英国 / 喜剧 战争
                        ",8.6,522216人评价,昆汀同学越来越变态了，比北野武还杜琪峰。
二十二,"
                            导演: 普特鹏·普罗萨卡·那·萨克那卡林 Puttipong Promsaka Na Sakolnakorn / 华森·波克彭...",8.7,277589人评价,一部能引人思考的科幻励志片。
疯狂的麦克斯4：狂暴之路,"
                            2010 / 泰国 / 剧情 喜剧 爱情
                        ",8.6,489873人评价,每个美丽事物背后都是滴血的现实。
彗星来的那一夜,"
                            导演: 詹姆斯·沃德·布柯特 James Ward Byrkit   主演: 艾米丽·芭尔多尼 Em...",8.5,522511人评价,小成本大魅力。
黑客帝国2：重装上阵,"
                            2013 / 美国 英国 / 科幻 悬疑 惊悚
                        ",8.7,379150人评价,一个精彩的世界观正在缓缓建立。
魂断蓝桥,"
                            导演: 拉娜·沃卓斯基 Lana Wachowski / 莉莉·沃卓斯基 Lilly Wachowski   ...",8.8,258604人评价,中国式内在的美国电影。
步履不停,"
                            2003 / 美国 / 动作 科幻
                        ",8.8,258394人评价,日本的家庭电影已经是世界巅峰了，步履不停是巅峰中的佳作。
崖上的波妞,"
                            导演: 茂文·勒鲁瓦 Mervyn LeRoy   主演: 费雯·丽 Vivien Leigh / 罗伯特·...",8.6,448582人评价,做一颗让别人需要你的棋子。
战争之王,"
                            1940 / 美国 / 剧情 爱情 战争
                        ",8.7,339453人评价,谁说王家卫镜头很晃？
爱乐之城,"
                            导演: 是枝裕和 Hirokazu Koreeda   主演: 阿部宽 Hiroshi Abe / 夏川结衣 Yu...",8.4,815305人评价,传奇，不是每个人都可以拥有。
谍影重重2,"
                            2008 / 日本 / 剧情 家庭
                        ",8.7,329065人评价,没有了退路，只好飞向自由。
燃情岁月,"
                            导演: 宫崎骏 Hayao Miyazaki   主演: 奈良柚莉爱 Yuria Nara / 土井洋辉 Hir...",8.8,269372人评价,王家卫是一种风格，张国荣是一个代表。
末路狂花,"
                            2008 / 日本 / 动画 奇幻 冒险
                        ",8.9,220612人评价,爱我就给我看你的播放列表。
火星救援,"
                            导演: 安德鲁·尼科尔 Andrew Niccol   主演: 尼古拉斯·凯奇 Nicolas Cage /...",8.5,667117人评价,哗啦啦啦啦，天在下雨，哗啦啦啦啦，云在哭泣……找自己。
阿飞正传,"
                            2005 / 法国 德国 美国 / 剧情 犯罪
                        ",8.5,472151人评价,爱情是一场没有尽头的虚幻追逐。
再次出发之纽约遇见你,"
                            导演: 达米恩·查泽雷 Damien Chazelle   主演: 瑞恩·高斯林 Ryan Gosling /...",8.6,400734人评价,大海啊，不全是水。
谍影重重,"
                            2016 / 美国 / 剧情 爱情 歌舞
                        ",8.6,396038人评价,当爱情跨越年龄的界限，它似乎能变得更久远一点，成为一种责任，一种水到渠成的相濡以沫。 
千年女优,"
                            导演: 保罗·格林格拉斯 Paul Greengrass   主演: 马特·达蒙 Matt Damon / ...",8.8,236944人评价,爱上未来的你。 
海洋,"
                            2004 / 美国 德国 / 动作 悬疑 惊悚
                        ",9.1,151061人评价,一个单凭体香达到高潮的男人。
朗读者,"
                            导演: 爱德华·兹威克 Edward Zwick   主演: 布拉德·皮特 Brad Pitt / 安东...",8.6,432391人评价,天使保护事件始末。
穿越时空的少女,"
                            1994 / 美国 / 剧情 爱情 战争 西部
                        ",8.6,359921人评价,你要相信，这世上真的有爱存在，不管在什么年纪 
香水,"
                            导演: 雷德利·斯科特 Ridley Scott   主演: 吉娜·戴维斯 Geena Davis / 苏...",8.5,514736人评价,来啊，互相伤害啊！
地球上的星星,"
                            1991 / 美国 英国 法国 / 犯罪 剧情 惊悚
                        ",8.9,192306人评价,拍掉身上的悲伤，从今天开始重新踏上追梦之旅。
我爱你,"
                            导演: 雷德利·斯科特 Ridley Scott   主演: 马特·达蒙 Matt Damon / 杰西卡...",9.1,154863人评价,最忠于原著的一部。
电影名,导演,评分,评价人数,评价
电影名,导演,年份，国家，类别,评分,评价人数,评价
电影名,导演,年份，国家，类别,评分,评价人数,评价
电影名,导演,年份，国家，类别,评分,评价人数,评价
电影名,导演,评分,评价人数,评价
肖申克的救赎,"
                            导演: 弗兰克·德拉邦特 Frank Darabont   主演: 蒂姆·罗宾斯 Tim Robbins /...",9.7,2684629人评价,希望让人自由。
霸王别姬,"
                            1994 / 美国 / 犯罪 剧情
                        ",9.6,1991411人评价,风华绝代。
阿甘正传,"
                            导演: 陈凯歌 Kaige Chen   主演: 张国荣 Leslie Cheung / 张丰毅 Fengyi Zha...",9.5,2016057人评价,一部美国近现代史。
泰坦尼克号,"
                            1993 / 中国大陆 中国香港 / 剧情 爱情 同性
                        ",9.4,1975111人评价,失去的才是永恒的。 
这个杀手不太冷,"
                            导演: 罗伯特·泽米吉斯 Robert Zemeckis   主演: 汤姆·汉克斯 Tom Hanks / ...",9.4,2159803人评价,怪蜀黍和小萝莉不得不说的故事。
美丽人生,"
                            1994 / 美国 / 剧情 爱情
                        ",9.6,1237725人评价,最美的谎言。
千与千寻,"
                            导演: 詹姆斯·卡梅隆 James Cameron   主演: 莱昂纳多·迪卡普里奥 Leonardo...",9.4,2092224人评价,最好的宫崎骏，最好的久石让。 
辛德勒的名单,"
                            1997 / 美国 墨西哥 澳大利亚 加拿大 / 剧情 爱情 灾难
                        ",9.6,1032648人评价,拯救一个人，就是拯救整个世界。
盗梦空间,"
                            导演: 吕克·贝松 Luc Besson   主演: 让·雷诺 Jean Reno / 娜塔莉·波特曼 ...",9.4,1929048人评价,诺兰给了我们一场无法盗取的梦。
星际穿越,"
                            1994 / 法国 美国 / 剧情 动作 犯罪
                        ",9.4,1631271人评价,爱是一种力量，让我们超越时空感知它的存在。
忠犬八公的故事,"
                            导演: 罗伯托·贝尼尼 Roberto Benigni   主演: 罗伯托·贝尼尼 Roberto Beni...",9.4,1316345人评价,永远都不能忘记你所爱的人。
楚门的世界,"
                            1997 / 意大利 / 剧情 喜剧 爱情 战争
                        ",9.3,1550545人评价,如果再也不能见到你，祝你早安，午安，晚安。
海上钢琴师,"
                            导演: 宫崎骏 Hayao Miyazaki   主演: 柊瑠美 Rumi Hîragi / 入野自由 Miy...",9.3,1571019人评价,每个人都要走一条自己坚定了的路，就算是粉身碎骨。 
三傻大闹宝莱坞,"
                            2001 / 日本 / 剧情 动画 奇幻
                        ",9.2,1747381人评价,英俊版憨豆，高情商版谢耳朵。
机器人总动员,"
                            导演: 史蒂文·斯皮尔伯格 Steven Spielberg   主演: 连姆·尼森 Liam Neeson...",9.3,1235221人评价,小瓦力，大人生。
放牛班的春天,"
                            1993 / 美国 / 剧情 历史 战争
                        ",9.3,1218707人评价,天籁一般的童声，是最接近上帝的存在。 
无间道,"
                            导演: 克里斯托弗·诺兰 Christopher Nolan   主演: 莱昂纳多·迪卡普里奥 Le...",9.3,1249185人评价,香港电影史上永不过时的杰作。
疯狂动物城,"
                            2010 / 美国 英国 / 剧情 科幻 悬疑 冒险
                        ",9.2,1773039人评价,迪士尼给我们营造的乌托邦就是这样，永远善良勇敢，永远出乎意料。
大话西游之大圣娶亲,"
                            导演: 克里斯托弗·诺兰 Christopher Nolan   主演: 马修·麦康纳 Matthew Mc...",9.2,1433204人评价,一生所爱。
熔炉,"
                            2014 / 美国 英国 加拿大 / 剧情 科幻 冒险
                        ",9.3,872348人评价,我们一路奋战不是为了改变世界，而是为了不让世界改变我们。
控方证人,"
                            导演: 莱塞·霍尔斯道姆 Lasse Hallström   主演: 理查·基尔 Richard Ger...",9.6,485195人评价,比利·怀德满分作品。
教父,"
                            2009 / 美国 英国 / 剧情
                        ",9.3,893326人评价,千万不要记恨你的对手，这样会让你失去理智。
当幸福来敲门,"
                            导演: 彼得·威尔 Peter Weir   主演: 金·凯瑞 Jim Carrey / 劳拉·琳妮 Lau...",9.2,1422830人评价,平民励志片。 
触不可及,"
                            1998 / 美国 / 剧情 科幻
                        ",9.3,1008292人评价,满满温情的高雅喜剧。
怦然心动,"
                            导演: 朱塞佩·托纳多雷 Giuseppe Tornatore   主演: 蒂姆·罗斯 Tim Roth / ...",9.1,1709788人评价,真正的幸福是来自内心深处。
龙猫,"
                            导演: 宫崎骏 Hayao Miyazaki   主演: 日高法子 Noriko Hidaka / 坂本千夏 Ch...",9.2,1182240人评价,人人心中都有个龙猫，童年就永远不会消失。
末代皇帝,"
                            1988 / 日本 / 动画 奇幻 冒险
                        ",9.3,802916人评价,“不要跟我比惨，我比你更惨”再适合这部电影不过了。
寻梦环游记,"
                            导演: 贝纳尔多·贝托鲁奇 Bernardo Bertolucci   主演: 尊龙 John Lone / 陈...",9.1,1531882人评价,死亡不是真的逝去，遗忘才是永恒的消亡。
蝙蝠侠：黑暗骑士,"
                            1987 / 英国 意大利 中国大陆 法国 / 剧情 传记 历史
                        ",9.2,986496人评价,无尽的黑暗。
活着,"
                            导演: 李·昂克里奇 Lee Unkrich / 阿德里安·莫利纳 Adrian Molina   主演: ...",9.3,773383人评价,张艺谋最好的电影。
哈利·波特与魔法石,"
                            2017 / 美国 / 喜剧 动画 奇幻 音乐
                        ",9.2,1080010人评价,童话世界的开端。
指环王3：王者无敌,"
                            导演: 克里斯托弗·诺兰 Christopher Nolan   主演: 克里斯蒂安·贝尔 Christ...",9.3,746316人评价,史诗的终章。
乱世佳人,"
                            2008 / 美国 英国 / 剧情 动作 科幻 犯罪 惊悚
                        ",9.3,643370人评价,Tomorrow is another day.
素媛,"
                            导演: 张艺谋 Yimou Zhang   主演: 葛优 You Ge / 巩俐 Li Gong / 姜武 Wu Jiang",9.3,634870人评价,受过伤害的人总是笑得最开心，因为他们不愿意让身边的人承受一样的痛苦。
飞屋环游记,"
                            1994 / 中国大陆 中国香港 / 剧情 历史 家庭
                        ",9.1,1237126人评价,最后那些最无聊的事情，才是最值得怀念的。 
我不是药神,"
                            导演: Chris Columbus   主演: Daniel Radcliffe / Emma Watson / Rupert Grint",9.0,1959975人评价,对我们国家而言，这样的电影多一部是一部。
摔跤吧！爸爸,"
                            2001 / 美国 英国 / 奇幻 冒险
                        ",9.0,1469888人评价,你不是在为你一个人战斗，你要让千千万万的女性看到女生并不是只能相夫教子。
何以为家,"
                            导演: 彼得·杰克逊 Peter Jackson   主演: 伊利亚·伍德 Elijah Wood / 西恩...",9.1,968238人评价,凝视卑弱生命，用电影改变命运。
十二怒汉,"
                            2003 / 美国 新西兰 / 剧情 动作 奇幻 冒险
                        ",9.4,447228人评价,1957年的理想主义。 
哈尔的移动城堡,"
                            导演: 维克多·弗莱明 Victor Fleming / 乔治·库克 George Cukor   主演: 费...",9.1,941232人评价,带着心爱的人在天空飞翔。
少年派的奇幻漂流,"
                            1939 / 美国 / 剧情 历史 爱情 战争
                        ",9.1,1270025人评价,瑰丽壮观、无人能及的冒险之旅。
鬼子来了,"
                            导演: 李濬益 Jun-ik Lee   主演: 薛景求 Kyung-gu Sol / 严志媛 Ji-won Uhm ...",9.3,579614人评价,对敌人的仁慈，就是对自己残忍。
猫鼠游戏,"
                            2013 / 韩国 / 剧情
                        ",9.1,920876人评价,骗子大师和执著警探的你追我跑故事。 
大话西游之月光宝盒,"
                            导演: 彼特·道格特 Pete Docter / 鲍勃·彼德森 Bob Peterson   主演: 爱德...",9.0,1142014人评价,旷古烁今。
让子弹飞,"
                            2009 / 美国 / 剧情 喜剧 动画 冒险
                        ",9.0,1569864人评价,你给我翻译翻译，神马叫做TMD的惊喜。
天空之城,"
                            导演: 文牧野 Muye Wen   主演: 徐峥 Zheng Xu / 王传君 Chuanjun Wang / 周...",9.1,767003人评价,对天空的追逐，永不停止。 
钢琴家,"
                            2018 / 中国大陆 / 剧情 喜剧
                        ",9.3,570243人评价,音乐能化解仇恨。
指环王2：双塔奇兵,"
                            导演: 涅提·蒂瓦里 Nitesh Tiwari   主演: 阿米尔·汗 Aamir Khan / 法缇玛...",9.2,697324人评价,承前启后的史诗篇章。
闻香识女人,"
                            2016 / 印度 / 剧情 传记 运动 家庭
                        ",9.1,814428人评价,史上最美的探戈。
海蒂和爷爷,"
                            导演: 娜丁·拉巴基 Nadine Labaki   主演: 扎因·拉费阿 Zain al-Rafeea / ...",9.3,521088人评价,如果生活中有什么使你感到快乐，那就去做吧！不要管别人说什么。
天堂电影院,"
                            导演: 朱塞佩·托纳多雷 Giuseppe Tornatore   主演: 菲利普·努瓦雷 Philipp...",9.2,641566人评价,那些吻戏，那些青春，都在影院的黑暗里被泪水冲刷得无比清晰。
罗马假日,"
                            1988 / 意大利 法国 / 剧情 爱情
                        ",9.1,894256人评价,爱情哪怕只有一天。
黑客帝国,"
                            导演: 威廉·惠勒 William Wyler   主演: 奥黛丽·赫本 Audrey Hepburn / 格...",9.1,783342人评价,视觉革命。
指环王1：护戒使者,"
                            1953 / 美国 / 喜剧 剧情 爱情
                        ",9.1,787228人评价,传说的开始。
大闹天宫,"
                            导演: 安迪·沃卓斯基 Andy Wachowski / 拉娜·沃卓斯基 Lana Wachowski   主...",9.4,397946人评价,经典之作，历久弥新。
死亡诗社,"
                            1999 / 美国 / 动作 科幻
                        ",9.1,659789人评价,当一个死水般的体制内出现一个活跃的变数时，所有的腐臭都站在了光明的对面。
教父2,"
                            导演: 彼得·杰克逊 Peter Jackson   主演: 伊利亚·伍德 Elijah Wood / 西恩...",9.3,507013人评价,优雅的孤独。
绿皮书,"
                            2001 / 新西兰 美国 / 剧情 动作 奇幻 冒险
                        ",8.9,1510838人评价,去除成见，需要勇气。
辩护人,"
                            导演: 万籁鸣 Laiming Wan   主演: 邱岳峰 Yuefeng Qiu / 富润生 Runsheng Fu...",9.2,553537人评价,电影的现实意义大过电影本身。
狮子王,"
                            1961(中国大陆) / 1964(中国大陆) / 1978(中国大陆) / 中国大陆 / 剧情 动画 奇幻 古装
                        ",9.1,776813人评价,动物版《哈姆雷特》。
搏击俱乐部,"
                            导演: 彼得·威尔 Peter Weir   主演: 罗宾·威廉姆斯 Robin Williams / 罗伯...",9.0,791697人评价,邪恶与平庸蛰伏于同一个母体，在特定的时间互相对峙。
饮食男女,"
                            1989 / 美国 / 剧情
                        ",9.2,570087人评价,人生不能像做菜，把所有的料都准备好了才下锅。
美丽心灵,"
                            导演: 弗朗西斯·福特·科波拉 Francis Ford Coppola   主演: 阿尔·帕西诺 A...",9.1,717122人评价,爱是一切逻辑和原由。
本杰明·巴顿奇事,"
                            1974 / 美国 / 剧情 犯罪
                        ",9.0,919409人评价,在时间之河里感受溺水之苦。
窃听风暴,"
                            导演: 彼得·法雷里 Peter Farrelly   主演: 维果·莫腾森 Viggo Mortensen /...",9.2,525928人评价,别样人生。
穿条纹睡衣的男孩,"
                            2018 / 美国 中国大陆 / 剧情 喜剧 传记 音乐
                        ",9.2,513237人评价,尽管有些不切实际的幻想，这部电影依旧是一部感人肺腑的佳作。
情书,"
                            导演: 杨宇硕 Woo-seok Yang   主演: 宋康昊 Kang-ho Song / 金英爱 Yeong-ae...",8.9,1012552人评价,暗恋的极致。
两杆大烟枪,"
                            2013 / 韩国 / 剧情
                        ",9.1,558681人评价,4个臭皮匠顶个诸葛亮，盖·里奇果然不是盖的。
西西里的美丽传说,"
                            导演: Roger Allers / 罗伯·明可夫 Rob Minkoff   主演: 乔纳森·泰勒·托马...",8.9,910582人评价,美丽无罪。
看不见的客人,"
                            1994 / 美国 / 动画 冒险 歌舞
                        ",8.8,1163236人评价,你以为你以为的就是你以为的。
音乐之声,"
                            导演: 大卫·芬奇 David Fincher   主演: 爱德华·诺顿 Edward Norton / 布拉...",9.1,559262人评价,用音乐化解仇恨，让歌声串起美好。
拯救大兵瑞恩,"
                            1999 / 美国 德国 意大利 / 剧情 动作 悬疑 惊悚
                        ",9.1,603711人评价,美利坚精神输出大片No1.
飞越疯人院,"
                            导演: 李安 Ang Lee   主演: 郎雄 Sihung Lung / 杨贵媚 Kuei-Mei Yang / 吴...",9.1,517346人评价,自由万岁。
小鞋子,"
                            1994 / 中国台湾 美国 / 剧情 家庭
                        ",9.2,380203人评价,奔跑的孩子是天使。
阿凡达,"
                            导演: 朗·霍华德 Ron Howard   主演: 罗素·克劳 Russell Crowe / 艾德·哈...",8.8,1291468人评价,绝对意义上的美轮美奂。
哈利·波特与死亡圣器(下),"
                            导演: 大卫·叶茨 David Yates   主演: 丹尼尔·雷德克里夫 Daniel Radcliffe...",8.9,761114人评价,10年的完美句点。
沉默的羔羊,"
                            2011 / 美国 英国 / 奇幻 冒险
                        ",8.9,818908人评价,安东尼·霍普金斯的顶级表演。
致命魔术,"
                            导演: 乔纳森·戴米 Jonathan Demme   主演: 朱迪·福斯特 Jodie Foster / 安...",8.9,800283人评价,孪生蝙蝠侠大战克隆金刚狼。
禁闭岛,"
                            1991 / 美国 / 剧情 犯罪 惊悚
                        ",8.9,900329人评价,昔日翩翩少年，今日大腹便便。
布达佩斯大饭店,"
                            导演: 克里斯托弗·诺兰 Christopher Nolan   主演: 休·杰克曼 Hugh Jackman...",8.9,854770人评价,小清新的故事里注入了大历史的情怀。
海豚湾,"
                            2006 / 英国 美国 / 剧情 悬疑 惊悚
                        ",9.3,341216人评价,海豚的微笑，是世界上最高明的伪装。
蝴蝶效应,"
                            导演: Martin Scorsese   主演: 莱昂纳多·迪卡普里奥 Leonardo DiCaprio / ...",8.9,872318人评价,人的命运被自己瞬间的抉择改变。
美国往事,"
                            2010 / 美国 / 剧情 悬疑 惊悚
                        ",9.2,385105人评价,往事如烟，无处祭奠。
心灵捕手,"
                            导演: 韦斯·安德森 Wes Anderson   主演: 拉尔夫·费因斯 Ralph Fiennes / ...",8.9,659519人评价,人生中应该拥有这样的一段豁然开朗。
低俗小说,"
                            2014 / 美国 德国 英国 / 剧情 喜剧 冒险
                        ",8.9,774981人评价,故事的高级讲法。
春光乍泄,"
                            导演: 路易·西霍尤斯 Louie Psihoyos   主演: Richard O'Barry / 路易·西霍...",9.0,586595人评价,爱情纠缠，男女一致。
摩登时代,"
                            2009 / 美国 / 纪录片
                        ",9.3,276897人评价,大时代中的人生，小人物的悲喜。
喜剧之王,"
                            导演: 埃里克·布雷斯 Eric Bress / J·麦基·格鲁伯 J. Mackye Gruber   主...",8.8,898895人评价,我是一个演员。
七宗罪,"
                            2004 / 美国 加拿大 / 剧情 悬疑 科幻 惊悚
                        ",8.8,888831人评价,警察抓小偷，老鼠玩死猫。
功夫,"
                            导演: 赛尔乔·莱翁内 Sergio Leone   主演: 罗伯特·德尼罗 Robert De Niro ...",8.8,1015143人评价,警恶惩奸，维护世界和平这个任务就交给你了，好吗？
哈利·波特与阿兹卡班的囚徒,"
                            1984 / 美国 意大利 / 犯罪 剧情
                        ",8.9,651582人评价,不一样的导演，不一样的哈利·波特。
致命ID,"
                            导演: 格斯·范·桑特 Gus Van Sant   主演: 马特·达蒙 Matt Damon / 罗宾·...",8.8,758336人评价,最不可能的那个人永远是最可能的。
超脱,"
                            1997 / 美国 / 剧情
                        ",9.0,522674人评价,穷尽一生，我们要学会的，不过是彼此拥抱。
杀人回忆,"
                            导演: 昆汀·塔伦蒂诺 Quentin Tarantino   主演: 约翰·特拉沃尔塔 John Tra...",8.9,651352人评价,关于连环杀人悬案的集体回忆。
加勒比海盗,"
                            1994 / 美国 / 剧情 喜剧 犯罪
                        ",8.8,802922人评价,约翰尼·德普的独角戏。
红辣椒,"
                            导演: 王家卫 Kar Wai Wong   主演: 张国荣 Leslie Cheung / 梁朝伟 Tony Leu...",9.1,418486人评价,梦的勾结。
被嫌弃的松子的一生,"
                            1997 / 中国香港 日本 韩国 / 剧情 爱情 同性
                        ",8.9,664642人评价,以戏谑来戏谑戏谑。
狩猎,"
                            导演: 查理·卓别林 Charles Chaplin   主演: 查理·卓别林 Charles Chaplin ...",9.1,357618人评价,人言可畏。
请以你的名字呼唤我,"
                            1936 / 美国 / 剧情 喜剧 爱情
                        ",8.9,665420人评价,沉醉在电影的情感和视听氛围中无法自拔。
7号房的礼物,"
                            导演: 周星驰 Stephen Chow / 李力持 Lik-Chi Lee   主演: 周星驰 Stephen Ch...",8.9,514981人评价,《我是山姆》的《美丽人生》。
剪刀手爱德华,"
                            导演: 蒂姆·波顿 Tim Burton   主演: 约翰尼·德普 Johnny Depp / 薇诺娜·...",8.7,983763人评价,浪漫忧郁的成人童话。
断背山,"
                            1990 / 美国 / 剧情 奇幻 爱情
                        ",8.8,667354人评价,每个人心中都有一座断背山。
勇敢的心,"
                            导演: 李安 Ang Lee   主演: 希斯·莱杰 Heath Ledger / 杰克·吉伦哈尔 Jake...",8.9,533568人评价,史诗大片的典范。
唐伯虎点秋香,"
                            2005 / 美国 加拿大 / 剧情 爱情 同性 家庭
                        ",8.7,996090人评价,华太师是黄霑，吴镇宇四大才子之一。
哈利·波特与密室,"
                            导演: 梅尔·吉布森 Mel Gibson   主演: 梅尔·吉布森 Mel Gibson / 苏菲·玛...",8.8,677674人评价,魔法的密室之门已打开...
一一,"
                            1995 / 美国 / 动作 传记 剧情 历史 战争
                        ",9.1,350123人评价,我们都曾经是一一。
入殓师,"
                            导演: 李力持 Lik-Chi Lee   主演: 周星驰 Stephen Chow / 巩俐 Li Gong / 陈...",8.9,620240人评价,死可能是一道门，逝去并不是终结，而是超越，走向下一程。
第六感,"
                            1993 / 中国香港 / 喜剧 爱情 古装
                        ",8.9,517435人评价,深入内心的恐怖，出人意料的结局。
爱在黎明破晓前,"
                            导演: Chris Columbus   主演: 丹尼尔·雷德克里夫 Daniel Radcliffe / 艾玛...",8.8,619413人评价,缘分是个连绵词，最美不过一瞬。
重庆森林,"
                            2002 / 英国 美国 / 奇幻 冒险
                        ",8.8,750291人评价,寂寞没有期限。
蝙蝠侠：黑暗骑士崛起,"
                            导演: 杨德昌 Edward Yang   主演: 吴念真 / 李凯莉 Kelly Lee / 金燕玲 Elai...",8.8,672173人评价,诺兰就是保证。
天使爱美丽,"
                            2000 / 中国台湾 日本 / 剧情 爱情 家庭
                        ",8.7,917844人评价,法式小清新。 
幽灵公主,"
                            导演: 泷田洋二郎 Yôjirô Takita   主演: 本木雅弘 Masahiro Motoki / ...",8.9,489882人评价,人与自然的战争史诗。
菊次郎的夏天,"
                            2008 / 日本 / 剧情
                        ",8.9,551947人评价,从没见过那么流氓的温柔，从没见过那么温柔的流氓。
小森林 夏秋篇,"
                            导演: M·奈特·沙马兰 M. Night Shyamalan   主演: 布鲁斯·威利斯 Bruce Wi...",9.0,397596人评价,那些静得只能听见呼吸的日子里，你明白孤独即生活。
阳光灿烂的日子,"
                            1999 / 美国 / 剧情 悬疑 惊悚
                        ",8.9,574619人评价,一场华丽的意淫。
超能陆战队,"
                            导演: 理查德·林克莱特 Richard Linklater   主演: 伊桑·霍克 Ethan Hawke ...",8.7,941500人评价,Balalala~~~
完美的世界,"
                            1995 / 美国 奥地利 瑞士 / 剧情 爱情
                        ",9.1,288473人评价,坏人的好总是比好人的好来得更感人。
爱在日落黄昏时,"
                            导演: 王家卫 Kar Wai Wong   主演: 林青霞 Brigitte Lin / 金城武 Takeshi K...",8.9,510140人评价,九年后的重逢是世俗和责任的交叠，没了悸动和青涩，沧桑而温暖。
无人知晓,"
                            1994 / 中国香港 / 剧情 爱情
                        ",9.1,292994人评价,我的平常生活就是他人的幸福。
消失的爱人,"
                            导演: 克里斯托弗·诺兰 Christopher Nolan   主演: 克里斯蒂安·贝尔 Christ...",8.7,863689人评价,年度最佳date movie。
借东西的小人阿莉埃蒂,"
                            2012 / 美国 英国 / 剧情 动作 科幻 犯罪 惊悚
                        ",8.9,511894人评价,曾经的那段美好会沉淀为一辈子的记忆。
甜蜜蜜,"
                            导演: 让-皮埃尔·热内 Jean-Pierre Jeunet   主演: 奥黛丽·塔图 Audrey Tau...",8.9,491505人评价,相逢只要一瞬间，等待却像是一辈子。
倩女幽魂,"
                            2001 / 法国 德国 / 剧情 喜剧 爱情
                        ",8.8,683422人评价,两张绝世的脸。 
小森林 冬春篇,"
                            导演: 宫崎骏 Hayao Miyazaki   主演: 松田洋治 Yôji Matsuda / 石田百合...",9.0,354646人评价,尊敬他人，尊敬你生活的这片土地，明白孤独是人生的常态。
侧耳倾听,"
                            导演: 近藤喜文 Yoshifumi Kondo   主演: 本名阳子 Youko Honna / 小林桂树 K...",8.9,429588人评价,少女情怀总是诗。
时空恋旅人,"
                            1995 / 日本 / 剧情 爱情 动画
                        ",8.8,605356人评价,把每天当作最后一天般珍惜度过，积极拥抱生活，就是幸福。
幸福终点站,"
                            导演: 理查德·柯蒂斯 Richard Curtis   主演: 多姆纳尔·格里森 Domhnall Gl...",8.8,524663人评价,有时候幸福需要等一等。 
驯龙高手,"
                            2013 / 英国 / 喜剧 爱情 奇幻
                        ",8.8,706023人评价,和谐的生活离不开摸头与被摸头。
萤火之森,"
                            导演: 史蒂文·斯皮尔伯格 Steven Spielberg   主演: 汤姆·汉克斯 Tom Hanks...",8.9,492884人评价,触不到的恋人。
教父3,"
                            2004 / 美国 / 喜剧 剧情 爱情
                        ",9.0,342113人评价,任何信念的力量，都无法改变命运。
怪兽电力公司,"
                            导演: 迪恩·德布洛斯 Dean DeBlois / 克里斯·桑德斯 Chris Sanders   主演:...",8.8,618711人评价,不要给它起名字，起了名字就有感情了。
玛丽和马克思,"
                            2010 / 美国 / 动画 奇幻 冒险
                        ",8.9,402540人评价,你是我最好的朋友，你是我唯一的朋友 。
一个叫欧维的男人决定去死,"
                            导演: 大森贵弘 Takahiro Omori   主演: 佐仓绫音 Ayane Sakura / 内山昂辉 K...",8.9,426172人评价,惠及一生的美丽。
寄生虫,"
                            2011 / 日本 / 剧情 爱情 动画 奇幻
                        ",8.8,1277599人评价,跨度十五年的欢乐与泪水。
玩具总动员3,"
                            导演: 弗朗西斯·福特·科波拉 Francis Ford Coppola   主演: 阿尔·帕西诺 A...",8.9,475681人评价,爱是摈弃傲慢与偏见之后的曙光。
傲慢与偏见,"
                            1990 / 美国 / 剧情 犯罪
                        ",8.7,735513人评价,好的剧本是，就算你猜到了结局也猜不到全部。
未麻的部屋,"
                            导演: 彼特·道格特 Pete Docter / 大卫·斯沃曼 David Silverman   主演: 约...",9.1,296174人评价,抱着梦想而活着的人是幸福的，怀抱梦想而死去的人是不朽的。
大鱼,"
                            2001 / 美国 / 儿童 喜剧 动画 奇幻 冒险
                        ",8.8,534273人评价,Mr. I Don't Care其实也有Care的时候。
神偷奶爸,"
                            导演: 亚当·艾略特 Adam Elliot   主演: 托妮·科莱特 Toni Collette / 菲利...",8.6,889255人评价,没有一人完全善，也没有一人完全恶。
告白,"
                            2009 / 澳大利亚 美国 / 剧情 喜剧 动画
                        ",8.8,635063人评价,揭露人性的丧尸题材力作。
釜山行,"
                            导演: 汉内斯·赫尔姆 Hannes Holm   主演: 罗夫·拉斯加德 Rolf Lassgård...",8.6,1111951人评价,热血沸腾，那个低俗、性感的无耻混蛋又来了。
被解救的姜戈,"
                            2015 / 瑞典 / 剧情
                        ",8.8,565825人评价,再多各自牛逼的时光，也比不上一起傻逼的岁月。 
阳光姐妹淘,"
                            导演: 奉俊昊 Joon-ho Bong   主演: 宋康昊 Kang-ho Song / 李善均 Seon-gyun...",8.8,563570人评价,百看不厌。 
射雕英雄传之东成西就,"
                            2019 / 韩国 / 剧情
                        ",8.7,592701人评价,想你时你在闹海。
哈利·波特与火焰杯,"
                            导演: 李·昂克里奇 Lee Unkrich   主演: 汤姆·汉克斯 Tom Hanks / 蒂姆·艾...",8.7,590304人评价,爱并不需要智商 。
哪吒闹海,"
                            2010 / 美国 / 喜剧 动画 奇幻 冒险
                        ",9.1,238485人评价,恐怖分子的“秋菊打官司”。
我是山姆,"
                            导演: 乔·怀特 Joe Wright   主演: 凯拉·奈特莉 Keira Knightley / 马修·...",9.0,313268人评价,要做就做得狠一点，这样才能活下去。
头号玩家,"
                            导演: 史蒂文·斯皮尔伯格 Steven Spielberg   主演: 泰伊·谢里丹 Tye Sheri...",8.7,1276310人评价,写给影迷，动漫迷和游戏迷的一封情书。
血战钢锯岭,"
                            2018 / 美国 / 动作 科幻 冒险
                        ",8.7,737884人评价,优秀的战争片不会美化战场，不会粉饰死亡，不会矮化敌人，不会无视常识，最重要的，不会宣扬战争。
模仿游戏,"
                            导演: 梅尔·吉布森 Mel Gibson   主演: 安德鲁·加菲尔德 Andrew Garfield /...",8.8,598487人评价,他给机器起名“克里斯托弗”，因为这是他初恋的名字。
喜宴,"
                            2016 / 澳大利亚 美国 / 剧情 传记 历史 战争
                        ",9.0,327858人评价,中国家庭的喜怒哀乐忍。
七武士,"
                            导演: 莫滕·泰杜姆 Morten Tyldum   主演: 本尼迪克特·康伯巴奇 Benedict C...",9.3,181934人评价,时代悲歌。
花样年华,"
                            2014 / 英国 美国 / 剧情 传记 战争 同性
                        ",8.7,553768人评价,偷情本没有这样美。
黑客帝国3：矩阵革命,"
                            导演: 李安 Ang Lee   主演: 赵文瑄 Winston Chao / 郎雄 Sihung Lung / 归亚...",8.8,418661人评价,不得不说，《黑客帝国》系列是商业片与科幻、哲学完美结合的典范。
头脑特工队,"
                            1993 / 中国台湾 美国 / 剧情 喜剧 爱情 同性 家庭
                        ",8.8,563484人评价,愿我们都不用长大，每一座城堡都能永远存在。
电锯惊魂,"
                            导演: 黑泽明 Akira Kurosawa   主演: 三船敏郎 Toshirô Mifune / 志村乔 ...",8.8,491323人评价,真相就在眼前。
九品芝麻官,"
                            1954 / 日本 / 动作 冒险 剧情
                        ",8.7,609859人评价,怼天怼地，你走后，她与世界为敌。
三块广告牌,"
                            导演: 王家卫 Kar Wai Wong   主演: 梁朝伟 Tony Leung Chiu Wai / 张曼玉 Ma...",8.7,769895人评价,Jared Leto的腿比女人还美！
达拉斯买家俱乐部,"
                            2000 / 中国香港 / 剧情 爱情
                        ",8.8,423951人评价,穿越错位的时空，仰望陨落的星辰，你没留下你的名字，我却无法忘记那句“我爱你”。
你的名字。,"
                            导演: 拉娜·沃卓斯基 Lana Wachowski / 莉莉·沃卓斯基 Lilly Wachowski   ...",8.5,1293454人评价,当这个世界闭上双眼，他却敞开了怀抱。
卢旺达饭店,"
                            2003 / 美国 / 动作 科幻
                        ",8.9,304363人评价,老少皆宜，这就是好莱坞动画的魅力。
疯狂原始人,"
                            导演: 彼特·道格特 Pete Docter / 罗纳尔多·德尔·卡门 Ronaldo Del Carmen  &nb...",8.7,788704人评价,故事的反转与反转，分裂电影的始祖。
惊魂记,"
                            2015 / 美国 / 喜剧 动画 冒险
                        ",9.0,260192人评价,被上帝抛弃了的上帝之城。
电影名,导演,年份，国家，类别,评分,评价人数,评价
